p,   samplecov, glasso
100, 0.856000,  0.890507
200, 0.722000,  0.901541
300, 0.673100,  0.915455
400, 0.554267,  0.900133
