p,samplecov, glasso
100, 0.856000, 0
200, 0.722000, 0
300, 0.673100, 0
400, 0.554267, 0
