p,samplecov, glasso
100, 0, 0.979380
200, 0, 0.980220
300, 0, 0.990900
400, 0, 0.998000
