p,   samplecov, glasso,   glasso_truepos
100, 0,         0.979380, 10,
200, 0,         0.980220, 10,
300, 0,         0.990900, 10,
400, 0.608000,  0.998000,
