1.0,0.01,0.53155,0.0,0.0,0.0285192478862961
2.0,0.01,0.5389,0.03,17.11,0.0414522616994539
3.0,0.01,0.5323,0.04,17.22,0.0291755034232496
4.0,0.01,0.5323,0.01,17.65,0.0305893772411279
5.0,0.01,0.52705,0.02,16.95,0.0229248227910272
6.0,0.01,0.5309,0.02,16.78,0.0265083005867964
7.0,0.01,0.53505,0.01,17.13,0.0430841908360824
8.0,0.01,0.5272,0.05,17.36,0.0202277037747743
9.0,0.01,0.52645,0.01,17.08,0.0253208905846524
10.0,0.01,0.53695,0.01,17.32,0.0331352908543138
11.0,0.01,0.5342,0.03,18.25,0.0302549169557607
12.0,0.01,0.5295,0.01,17.01,0.0298035232816512
13.0,0.01,0.52405,0.03,17.55,0.0194125603669362
14.0,0.01,0.53205,0.0,17.34,0.0273138701029351
15.0,0.01,0.5367,0.02,17.54,0.0417625430260175
16.0,0.01,0.52915,0.04,17.71,0.034763882119234
17.0,0.01,0.52715,0.03,17.84,0.0191475194215855
18.0,0.01,0.5284,0.0,17.16,0.0300905300717681
19.0,0.01,0.5292,0.02,17.83,0.0282464157018193
20.0,0.01,0.5284,0.01,17.23,0.0241648505064692
21.0,0.01,0.5309,0.02,17.32,0.0230475595237318
22.0,0.01,0.53355,0.0,18.16,0.0286382174724602
23.0,0.01,0.5255,0.01,18.43,0.0240260275534662
24.0,0.01,0.5353,0.02,17.56,0.0313035141797216
25.0,0.01,0.53265,0.02,17.23,0.0345792929366706
26.0,0.01,0.52875,0.05,17.52,0.0289514680111385
27.0,0.01,0.533,0.02,16.54,0.0262488094968133
28.0,0.01,0.5314,0.02,17.01,0.0343808086001478
29.0,0.01,0.53165,0.03,17.04,0.0347207070780539
30.0,0.01,0.53575,0.03,17.87,0.0398332461644788
31.0,0.01,0.53825,0.05,17.87,0.0282787464361485
32.0,0.01,0.5329,0.01,17.61,0.0280105337328651
33.0,0.01,0.5325,0.01,17.54,0.0299874973947489
34.0,0.01,0.52675,0.04,17.59,0.0225762596547782
35.0,0.01,0.527,0.01,17.44,0.0325576411921995
36.0,0.01,0.53095,0.02,17.39,0.0324090650898787
37.0,0.01,0.53175,0.03,17.28,0.0259939896899258
38.0,0.01,0.52905,0.02,17.52,0.0255997558582111
39.0,0.01,0.52845,0.02,17.45,0.0273193612663258
40.0,0.01,0.53425,0.01,17.6,0.0347877492804581
41.0,0.01,0.5319,0.04,17.6,0.0299648126975617
42.0,0.01,0.53485,0.03,17.05,0.0337450366720795
43.0,0.01,0.53115,0.03,17.14,0.0390118892134175
44.0,0.01,0.52605,0.02,17.07,0.0248223185863034
45.0,0.01,0.53585,0.02,17.22,0.0322804507403473
46.0,0.01,0.53525,0.03,18.05,0.0336479939966716
47.0,0.01,0.53725,0.04,16.55,0.0507758554826996
48.0,0.01,0.53015,0.07,17.62,0.0261194850638363
49.0,0.01,0.53835,0.02,17.51,0.0410856118367485
50.0,0.01,0.52915,0.05,17.46,0.0288881896282895
51.0,0.01,0.53235,0.03,17.44,0.0363349349799893
52.0,0.01,0.52625,0.04,18.02,0.0199796771745694
53.0,0.01,0.5308,0.0,17.57,0.0335463857963876
54.0,0.01,0.52995,0.03,16.88,0.0272533942840149
55.0,0.01,0.52925,0.01,16.75,0.0281102739225356
56.0,0.01,0.5321,0.01,17.74,0.0298092267595123
57.0,0.01,0.5368,0.02,17.18,0.0339154831898363
58.0,0.01,0.5302,0.04,17.74,0.0312403585126675
59.0,0.01,0.53195,0.04,17.7,0.0308455426277432
60.0,0.01,0.53185,0.04,17.35,0.0315567346219462
61.0,0.01,0.53,0.02,17.68,0.0292403830344259
62.0,0.01,0.53875,0.02,17.8,0.0380024670251825
63.0,0.01,0.52675,0.04,17.37,0.0246411748908192
64.0,0.01,0.52995,0.03,17.81,0.0251544727633074
65.0,0.01,0.528,0.02,18.07,0.0274954541697347
66.0,0.01,0.53135,0.02,17.9,0.0274395244127872
67.0,0.01,0.5365,0.03,17.16,0.0380361669993186
68.0,0.01,0.5303,0.06,17.8,0.0278102499089819
69.0,0.01,0.531,0.03,17.86,0.0226495033058119
70.0,0.01,0.52635,0.02,17.98,0.0212232773152477
71.0,0.01,0.53125,0.01,17.65,0.0343974926411798
72.0,0.01,0.53535,0.02,17.81,0.0346067551209301
73.0,0.01,0.5376,0.04,17.81,0.0419432950541568
74.0,0.01,0.5315,0.07,17.43,0.0244999999999982
75.0,0.01,0.5319,0.01,18.25,0.0284146089186525
76.0,0.01,0.53005,0.04,18.21,0.0265847230566718
77.0,0.01,0.52905,0.01,17.97,0.0232023166946747
78.0,0.01,0.53255,0.0,17.4,0.0283592577476899
79.0,0.01,0.5305,0.04,18.41,0.0278433115846498
80.0,0.01,0.53475,0.02,17.58,0.0420379293019998
81.0,0.01,0.52815,0.05,17.71,0.025205703719595
82.0,0.01,0.5306,0.02,17.26,0.034916185358655
83.0,0.01,0.52565,0.02,17.75,0.0289366117574247
84.0,0.01,0.53045,0.04,17.66,0.0288018662589775
85.0,0.01,0.5302,0.02,17.59,0.0217591360122602
86.0,0.01,0.53465,0.02,17.22,0.0350731735091066
87.0,0.01,0.52735,0.03,17.52,0.0204506112378099
88.0,0.01,0.5373,0.0,18.09,0.0353724469043351
89.0,0.01,0.53515,0.02,18.08,0.0376593613859818
90.0,0.01,0.5289,0.06,17.21,0.0227549994506706
91.0,0.01,0.5352,0.0,17.61,0.0352981585921976
92.0,0.01,0.5313,0.06,17.73,0.0308189876537185
93.0,0.01,0.5307,0.03,16.79,0.0217142810150386
94.0,0.01,0.53,0.0,17.13,0.0306512642479879
95.0,0.01,0.5318,0.02,16.47,0.0279510286036113
96.0,0.01,0.52855,0.03,17.96,0.0265263548193105
97.0,0.01,0.5334,0.04,17.47,0.0309263641574628
98.0,0.01,0.5335,0.02,18.36,0.036568429006454
99.0,0.01,0.52755,0.04,17.86,0.022940085004201
100.0,0.01,0.53175,0.02,17.23,0.0259651208354578
101.0,0.01,0.53075,0.01,17.46,0.0325451609306199
102.0,0.01,0.5307,0.03,17.38,0.0363457012588836
103.0,0.01,0.53315,0.03,18.26,0.0370449389255805
104.0,0.01,0.53065,0.04,17.65,0.0240588341363403
105.0,0.01,0.529,0.01,17.3,0.0247689321530026
106.0,0.01,0.52955,0.02,17.68,0.0254371283756648
107.0,0.01,0.5311,0.02,17.25,0.0342021929121512
108.0,0.01,0.52895,0.02,17.61,0.0342877164593968
109.0,0.01,0.5322,0.03,17.79,0.0282340220301681
110.0,0.01,0.53235,0.01,18.06,0.0253520709213281
111.0,0.01,0.52935,0.02,17.98,0.0236817968068309
112.0,0.01,0.5262,0.04,17.37,0.0182087890865925
113.0,0.01,0.5377,0.0,17.26,0.0420084515306134
114.0,0.01,0.53035,0.04,17.18,0.0227733945647116
115.0,0.01,0.53335,0.0,17.65,0.028240529385974
116.0,0.01,0.5277,0.02,17.87,0.0269853664047749
117.0,0.01,0.5285,0.02,17.64,0.020105969262883
118.0,0.01,0.5341,0.0,18.21,0.0412272967825927
119.0,0.01,0.52435,0.06,17.5,0.0180645370823627
120.0,0.01,0.5323,0.01,17.67,0.0336780343844483
121.0,0.01,0.533,0.05,18.0,0.0282842712474613
122.0,0.01,0.5352,0.03,17.63,0.0329993939338281
123.0,0.01,0.53305,0.03,18.08,0.0345463094989899
124.0,0.01,0.53105,0.03,17.62,0.0321348331254417
125.0,0.01,0.53065,0.02,17.63,0.023544160634857
126.0,0.01,0.53315,0.02,17.17,0.0289970257095443
127.0,0.01,0.53045,0.01,17.65,0.0312097340584635
128.0,0.01,0.5291,0.02,17.77,0.0279497763855105
129.0,0.01,0.53035,0.02,18.37,0.0288552854777088
130.0,0.01,0.53325,0.01,18.25,0.0368535954826662
131.0,0.01,0.53665,0.03,17.93,0.0325350195942774
132.0,0.01,0.53545,0.03,17.6,0.0290438892023786
133.0,0.01,0.5283,0.04,17.16,0.0277598631120545
134.0,0.01,0.5329,0.02,16.53,0.0307341829239045
135.0,0.01,0.5295,0.02,17.8,0.0245916652547134
136.0,0.01,0.5334,0.03,17.33,0.0324567404401607
137.0,0.01,0.5296,0.03,17.28,0.0375544937390988
138.0,0.01,0.53465,0.03,17.75,0.0386215937009327
139.0,0.01,0.53435,0.05,18.04,0.0336797787997491
140.0,0.01,0.53585,0.03,17.99,0.03780248007737
141.0,0.01,0.5276,0.04,17.69,0.0219940901153029
142.0,0.01,0.53255,0.0,17.53,0.0344999637680956
143.0,0.01,0.5302,0.04,17.8,0.0326566991595904
144.0,0.01,0.5341,0.03,18.26,0.0391240335343884
145.0,0.01,0.5306,0.04,17.71,0.0392191279862252
146.0,0.01,0.5314,0.05,17.37,0.0320552647781928
147.0,0.01,0.52705,0.02,17.62,0.0208937191519364
148.0,0.01,0.5329,0.02,17.69,0.0272505045824841
149.0,0.01,0.5275,0.03,18.06,0.0251047804212675
150.0,0.01,0.5309,0.02,18.19,0.0237526840588588
151.0,0.01,0.52865,0.02,17.87,0.0301318353241212
152.0,0.01,0.5305,0.05,17.29,0.0305327692815426
153.0,0.01,0.5294,0.02,18.33,0.0229050212835507
154.0,0.01,0.5368,0.0,17.12,0.0305493044110671
155.0,0.01,0.53085,0.04,17.89,0.0244954587627979
156.0,0.01,0.52925,0.01,17.68,0.0303593066455739
157.0,0.01,0.5326,0.04,17.7,0.0305489770696182
158.0,0.01,0.53025,0.03,17.37,0.0301693138801663
159.0,0.01,0.5298,0.02,18.05,0.0294866071293391
160.0,0.01,0.53285,0.06,17.14,0.0265730596657579
161.0,0.01,0.53065,0.02,17.45,0.0290917084407209
162.0,0.01,0.5351,0.02,17.11,0.0406139138719722
163.0,0.01,0.53425,0.05,17.22,0.0386094224251028
164.0,0.01,0.5289,0.04,17.69,0.0257447081941118
165.0,0.01,0.53475,0.03,18.12,0.0334019086281003
166.0,0.01,0.53735,0.04,17.95,0.0386811000360642
167.0,0.01,0.52875,0.03,17.84,0.0360858351711574
168.0,0.01,0.53395,0.04,16.74,0.0361268252134061
169.0,0.01,0.5353,0.05,17.15,0.028651527009918
170.0,0.01,0.52665,0.04,18.17,0.0258365535627344
171.0,0.01,0.5307,0.01,17.47,0.0308384500259016
172.0,0.01,0.5311,0.02,17.76,0.0259574652075276
173.0,0.01,0.5368,0.02,17.31,0.0453404896312344
174.0,0.01,0.52885,0.06,17.3,0.0363789430852531
175.0,0.01,0.5287,0.03,17.86,0.0283867927036494
176.0,0.01,0.52995,0.03,18.28,0.0258794802884434
177.0,0.01,0.52845,0.03,17.75,0.0238714787979307
178.0,0.01,0.53235,0.01,17.55,0.03660228817984
179.0,0.01,0.52975,0.05,17.75,0.02703123193641
180.0,0.01,0.53175,0.01,17.91,0.028056861905779
181.0,0.01,0.53175,0.02,17.3,0.0334318336320335
182.0,0.01,0.5371,0.02,18.2,0.0347216071056623
183.0,0.01,0.534,0.02,17.36,0.0334514573673552
184.0,0.01,0.5343,0.04,17.95,0.0271110678506037
185.0,0.01,0.53125,0.06,17.55,0.0242834820402674
186.0,0.01,0.5329,0.01,17.51,0.0334901478049889
187.0,0.01,0.52575,0.07,17.91,0.0288909587933662
188.0,0.01,0.5292,0.02,17.55,0.0272646291007236
189.0,0.01,0.5261,0.04,18.04,0.0192169196282865
190.0,0.01,0.52725,0.01,17.17,0.0288909587933672
191.0,0.01,0.5303,0.01,17.67,0.0245134656872517
192.0,0.01,0.52895,0.01,17.29,0.0259258076055501
193.0,0.01,0.52945,0.01,18.04,0.0294439722184363
194.0,0.01,0.5311,0.02,17.8,0.0285970278175904
195.0,0.01,0.5301,0.03,17.65,0.0279461983103245
196.0,0.01,0.52765,0.02,18.04,0.0292613653133288
197.0,0.01,0.531,0.02,17.38,0.0321636440721507
198.0,0.01,0.53405,0.03,17.42,0.0395581533947171
199.0,0.01,0.5336,0.04,17.88,0.0396363469557933
200.0,0.01,0.5289,0.04,17.52,0.0287278610411571
201.0,0.01,0.532,0.02,17.27,0.0319452656899263
202.0,0.01,0.52645,0.02,17.72,0.0229379053097685
203.0,0.01,0.5323,0.01,17.83,0.0280928816606634
204.0,0.01,0.534,0.02,17.34,0.0377888872553822
205.0,0.01,0.53255,0.04,18.03,0.035598419908753
206.0,0.01,0.53285,0.05,17.84,0.0298936029946197
207.0,0.01,0.5376,0.03,17.7,0.0333652513852355
208.0,0.01,0.53985,0.08,17.72,0.0434422317566678
209.0,0.01,0.5369,0.07,18.06,0.0446473963406594
210.0,0.01,0.5287,0.05,17.34,0.0287977429671141
211.0,0.01,0.53135,0.02,18.47,0.0310552330533846
212.0,0.01,0.5335,0.03,17.86,0.0269768419204329
213.0,0.01,0.5345,0.03,17.13,0.0378384724850252
214.0,0.01,0.53265,0.04,17.96,0.0335145863766815
215.0,0.01,0.53755,0.05,17.92,0.0372457715720862
216.0,0.01,0.53085,0.03,17.98,0.0251003486031551
217.0,0.01,0.52955,0.01,17.45,0.0234104143491745
218.0,0.01,0.52995,0.01,18.24,0.0285612937382039
219.0,0.01,0.5376,0.01,17.38,0.0349032949733973
220.0,0.01,0.53465,0.05,17.5,0.0294215482257462
221.0,0.01,0.53135,0.04,18.05,0.036714132156432
222.0,0.01,0.53155,0.03,17.69,0.0373074724418579
223.0,0.01,0.53235,0.05,16.92,0.0276446649464241
224.0,0.01,0.53295,0.04,17.44,0.0299674406648273
225.0,0.01,0.52665,0.04,16.93,0.0290004741340557
226.0,0.01,0.5344,0.03,17.94,0.037751026476109
227.0,0.01,0.5316,0.06,17.19,0.0323487248589481
228.0,0.01,0.5305,0.03,17.57,0.0352313780599044
229.0,0.01,0.5342,0.06,18.31,0.0339611542795588
230.0,0.01,0.53145,0.03,17.97,0.0290886146112187
231.0,0.01,0.5338,0.03,17.11,0.029875742668592
232.0,0.01,0.53835,0.02,17.29,0.0406328377054817
233.0,0.01,0.53385,0.07,16.99,0.032686809266124
234.0,0.01,0.5284,0.04,16.59,0.0226260911339097
235.0,0.01,0.5335,0.02,17.65,0.033102114736071
236.0,0.01,0.53075,0.02,17.76,0.02569411411199
237.0,0.01,0.5346,0.04,18.08,0.0436502004577309
238.0,0.01,0.5308,0.05,16.97,0.0319665450119355
239.0,0.01,0.53205,0.02,17.29,0.0241049268822784
240.0,0.01,0.53105,0.04,17.61,0.0262420940475407
241.0,0.01,0.5311,0.01,16.97,0.0196542616243911
242.0,0.01,0.5346,0.0,17.36,0.0302297866350411
243.0,0.01,0.5328,0.05,17.42,0.0323057270464542
244.0,0.01,0.53565,0.04,17.26,0.033411487545453
245.0,0.01,0.5335,0.04,17.83,0.0354153921339297
246.0,0.01,0.52735,0.04,17.45,0.0269207633621341
247.0,0.01,0.5259,0.03,17.51,0.0217069113417813
248.0,0.01,0.52835,0.01,18.19,0.0282847573791967
249.0,0.01,0.53795,0.01,17.07,0.0440346170643047
250.0,0.01,0.5284,0.08,16.88,0.0247576250880412
251.0,0.01,0.53385,0.01,17.63,0.0385217795539107
252.0,0.01,0.5295,0.06,17.53,0.0286138078556477
253.0,0.01,0.52945,0.02,17.29,0.0211174690718382
254.0,0.01,0.53485,0.0,18.27,0.0324611691101844
255.0,0.01,0.52625,0.02,17.11,0.0211940439746643
256.0,0.01,0.5284,0.02,16.91,0.0221119876989847
257.0,0.01,0.5338,0.01,16.92,0.0393453936312748
258.0,0.01,0.5331,0.07,17.18,0.0366659242349074
259.0,0.01,0.53325,0.02,16.87,0.0325221078652663
260.0,0.01,0.5265,0.02,17.18,0.021171915359741
261.0,0.01,0.5324,0.02,17.67,0.0372188124474708
262.0,0.01,0.5275,0.05,18.01,0.0266223590239489
263.0,0.01,0.53645,0.02,17.91,0.0464827656234007
264.0,0.01,0.52755,0.06,18.05,0.0201555823532826
265.0,0.01,0.53005,0.01,16.71,0.0267066939174425
266.0,0.01,0.53455,0.04,17.35,0.0426854483401549
267.0,0.01,0.52695,0.03,17.79,0.02375810388057
268.0,0.01,0.5309,0.0,17.4,0.031315970366571
269.0,0.01,0.53325,0.04,17.28,0.0285252081499854
270.0,0.01,0.53515,0.02,17.97,0.0417040465662506
271.0,0.01,0.53375,0.04,17.74,0.0368196618669976
272.0,0.01,0.53285,0.04,17.46,0.0345561499591595
273.0,0.01,0.533,0.03,17.38,0.0238746727726258
274.0,0.01,0.5311,0.0,17.27,0.0268382190169171
275.0,0.01,0.5293,0.05,17.47,0.031064610089296
276.0,0.01,0.534,0.02,17.7,0.0330756708170822
277.0,0.01,0.53085,0.03,17.04,0.029925365494843
278.0,0.01,0.53315,0.02,17.75,0.0234803641368704
279.0,0.01,0.5342,0.03,17.68,0.0360258240710741
280.0,0.01,0.53365,0.05,17.5,0.0300986295369059
281.0,0.01,0.53275,0.05,18.01,0.0377582772382434
282.0,0.01,0.53585,0.04,16.88,0.0345257512590228
283.0,0.01,0.5327,0.05,17.74,0.0326298942689049
284.0,0.01,0.52895,0.03,17.11,0.032220296398388
285.0,0.01,0.53105,0.03,17.6,0.0258195178111434
286.0,0.01,0.53325,0.02,16.91,0.0274897708247994
287.0,0.01,0.5318,0.03,17.44,0.0317373596885421
288.0,0.01,0.5298,0.04,17.13,0.0257480096318141
289.0,0.01,0.5325,0.01,18.63,0.0391439650521005
290.0,0.01,0.52995,0.04,17.58,0.0213950344706415
291.0,0.01,0.53295,0.01,17.14,0.0315522978560987
292.0,0.01,0.5321,0.03,17.69,0.0228602274704341
293.0,0.01,0.5345,0.02,17.38,0.031276988346067
294.0,0.01,0.5311,0.04,17.4,0.0285970278175904
295.0,0.01,0.52855,0.06,17.69,0.023529715255394
296.0,0.01,0.53155,0.02,17.21,0.0229313649833599
297.0,0.01,0.5281,0.04,17.78,0.0360470525840881
298.0,0.01,0.52825,0.04,17.8,0.0262142613857433
299.0,0.01,0.53175,0.01,16.84,0.0343684084589308
300.0,0.01,0.53125,0.03,17.21,0.030792653344589
301.0,0.01,0.5326,0.05,17.54,0.0422165844189216
302.0,0.01,0.52945,0.07,17.05,0.0283451494968725
303.0,0.01,0.5367,0.02,17.38,0.0386148934997879
304.0,0.01,0.5322,0.06,17.77,0.0349021489309759
305.0,0.01,0.5321,0.03,17.14,0.0301179348561617
306.0,0.01,0.53305,0.03,17.02,0.0310636041051266
307.0,0.01,0.5255,0.02,17.7,0.0289611809151482
308.0,0.01,0.529,0.04,17.49,0.0230867927612305
309.0,0.01,0.53105,0.01,17.49,0.0344840180373458
310.0,0.01,0.5365,0.03,17.03,0.0473524022621879
311.0,0.01,0.5285,0.08,17.64,0.0254214476377726
312.0,0.01,0.53225,0.06,17.04,0.0278511669414409
313.0,0.01,0.5352,0.02,16.92,0.0326337248869939
314.0,0.01,0.52765,0.04,17.54,0.0242740087336243
315.0,0.01,0.5301,0.03,17.67,0.0262295634733019
316.0,0.01,0.53145,0.02,17.45,0.0349878193090109
317.0,0.01,0.52845,0.05,17.58,0.0270156898856951
318.0,0.01,0.5281,0.01,17.55,0.0273475775892486
319.0,0.01,0.54175,0.02,17.11,0.0476097416502119
320.0,0.01,0.52775,0.12,17.49,0.0337370345466233
321.0,0.01,0.5344,0.03,17.74,0.0353007082081917
322.0,0.01,0.53355,0.03,17.69,0.0354985563086715
323.0,0.01,0.5261,0.05,16.84,0.0238283444662027
324.0,0.01,0.53195,0.02,17.22,0.0325875359608538
325.0,0.01,0.53855,0.02,17.42,0.0415890310057817
326.0,0.01,0.5284,0.07,17.22,0.0243195394693238
327.0,0.01,0.53215,0.02,17.48,0.0461695516547433
328.0,0.01,0.5231,0.06,17.95,0.0174037352312657
329.0,0.01,0.53695,0.0,17.2,0.0418682158683641
330.0,0.01,0.53125,0.08,17.19,0.0245293191915308
331.0,0.01,0.5294,0.02,16.88,0.032575143898376
332.0,0.01,0.53405,0.03,16.78,0.0365013355920026
333.0,0.01,0.53015,0.03,16.76,0.0343617156149104
334.0,0.01,0.53465,0.03,16.73,0.0353429978920845
335.0,0.01,0.529,0.03,16.96,0.0260480325552627
336.0,0.01,0.53955,0.02,16.97,0.0428724561927591
337.0,0.01,0.5334,0.04,17.1,0.0307561375988604
338.0,0.01,0.5326,0.04,17.0,0.0356824887024443
339.0,0.01,0.53065,0.04,16.78,0.0251461229616002
340.0,0.01,0.52895,0.02,17.03,0.028029404203443
341.0,0.01,0.5308,0.01,16.75,0.0353038241554659
342.0,0.01,0.5323,0.04,17.15,0.031539023447153
343.0,0.01,0.5321,0.04,17.13,0.042066494981161
344.0,0.01,0.5357,0.03,17.77,0.0345182560393781
345.0,0.01,0.5353,0.06,16.03,0.0332552251533506
346.0,0.01,0.5296,0.04,16.82,0.030213242129901
347.0,0.01,0.53105,0.02,16.57,0.0338252494447561
348.0,0.01,0.54315,0.06,17.34,0.0388436288212105
349.0,0.01,0.5384,0.09,16.72,0.0542949353070798
350.0,0.01,0.52945,0.09,16.81,0.0344230663944982
351.0,0.01,0.53175,0.03,16.94,0.0280479500142156
352.0,0.01,0.5341,0.04,17.04,0.0433438576963329
353.0,0.01,0.5359,0.06,17.51,0.03972643955856
354.0,0.01,0.535,0.06,17.09,0.0345760032392412
355.0,0.01,0.53375,0.04,17.42,0.0441892237994746
356.0,0.01,0.52485,0.06,16.7,0.0186071894707385
357.0,0.01,0.5301,0.0,16.51,0.0288615661390711
358.0,0.01,0.53595,0.03,16.92,0.0372404014478893
359.0,0.01,0.53115,0.04,16.89,0.0277205248868055
360.0,0.01,0.5295,0.03,16.43,0.0269397475860468
361.0,0.01,0.53645,0.02,16.6,0.0379163223427593
362.0,0.01,0.53375,0.06,17.28,0.0383886376418862
363.0,0.01,0.53245,0.06,16.83,0.0325076529451128
364.0,0.01,0.53465,0.02,16.52,0.0347077440926365
365.0,0.01,0.5342,0.04,16.61,0.0347902285131898
366.0,0.01,0.5302,0.04,17.19,0.0377022545744944
367.0,0.01,0.53515,0.03,16.71,0.0379635022093593
368.0,0.01,0.53415,0.05,16.5,0.0304142647453462
369.0,0.01,0.53625,0.03,16.77,0.032391163918575
370.0,0.01,0.53295,0.05,16.82,0.0360561714551054
371.0,0.01,0.5339,0.03,17.24,0.0363426746401522
372.0,0.01,0.53145,0.03,16.5,0.0314586633536777
373.0,0.01,0.53135,0.03,16.88,0.0355517580437317
374.0,0.01,0.52965,0.06,16.7,0.0291140430033334
375.0,0.01,0.5381,0.03,17.32,0.0477324836982108
376.0,0.01,0.5351,0.08,16.29,0.0364278739429022
377.0,0.01,0.53055,0.05,16.92,0.031007216901877
378.0,0.01,0.5353,0.02,16.55,0.0351128181722862
379.0,0.01,0.5311,0.08,16.9,0.0338273557937949
380.0,0.01,0.53435,0.02,16.64,0.0332238995303086
381.0,0.01,0.5368,0.06,16.38,0.039195152761535
382.0,0.01,0.5327,0.06,16.92,0.0333423154564884
383.0,0.01,0.5354,0.03,16.26,0.0346459232811022
384.0,0.01,0.53245,0.04,17.18,0.0297110669616541
385.0,0.01,0.53025,0.02,16.44,0.0282964220353035
386.0,0.01,0.53655,0.02,17.64,0.0398728917937999
387.0,0.01,0.5395,0.05,16.29,0.039996874877921
388.0,0.01,0.52715,0.05,16.75,0.0315456415373023
389.0,0.01,0.5374,0.02,16.5,0.035273786300878
390.0,0.01,0.53785,0.06,16.52,0.0449291386518814
391.0,0.01,0.53145,0.09,17.03,0.0409651986447033
392.0,0.01,0.53835,0.05,16.83,0.0460111671227755
393.0,0.01,0.53845,0.07,15.92,0.0356068462518107
394.0,0.01,0.5299,0.06,17.29,0.0313765836253718
395.0,0.01,0.5339,0.02,16.94,0.0297370139724881
396.0,0.01,0.5318,0.02,16.38,0.0280224909670778
397.0,0.01,0.5421,0.03,16.0,0.045233726355453
398.0,0.01,0.5302,0.1,16.63,0.0261047888327031
399.0,0.01,0.53425,0.04,17.09,0.0318776959644207
400.0,0.01,0.537,0.04,16.61,0.0406078810084941
401.0,0.01,0.52965,0.05,16.49,0.0407507975382072
402.0,0.01,0.53275,0.05,16.16,0.0315782757604038
403.0,0.01,0.52885,0.07,16.66,0.0261615653201404
404.0,0.01,0.531,0.02,16.89,0.0287228132326895
405.0,0.01,0.5316,0.01,16.51,0.0259699826723073
406.0,0.01,0.5303,0.03,16.51,0.0313753087634217
407.0,0.01,0.5291,0.02,16.79,0.0356467389812872
408.0,0.01,0.53455,0.03,16.49,0.0356026333295714
409.0,0.01,0.5323,0.06,16.26,0.0364308934834163
410.0,0.01,0.53175,0.04,16.59,0.0304579628340429
411.0,0.01,0.5293,0.05,16.09,0.0403548014491464
412.0,0.01,0.53665,0.04,16.47,0.0446209311870564
413.0,0.01,0.5374,0.06,15.66,0.0380097355949769
414.0,0.01,0.5299,0.05,16.15,0.0224385828429515
415.0,0.01,0.5388,0.01,16.72,0.0395039238557378
416.0,0.01,0.5283,0.08,15.61,0.0286811784974049
417.0,0.01,0.53605,0.02,15.94,0.0388541825290404
418.0,0.01,0.5312,0.03,16.22,0.0338313464112798
419.0,0.01,0.5344,0.05,16.07,0.044290405281504
420.0,0.01,0.52705,0.06,16.71,0.0274143666715101
421.0,0.01,0.52995,0.02,16.53,0.0279776249885504
422.0,0.01,0.5327,0.04,16.32,0.0370366035159802
423.0,0.01,0.53495,0.02,16.22,0.0357036062604319
424.0,0.01,0.53335,0.04,16.67,0.0381185978231104
425.0,0.01,0.5372,0.05,16.34,0.0374921325080339
426.0,0.01,0.5354,0.07,16.63,0.0370045943093564
427.0,0.01,0.52625,0.03,16.01,0.0302107182966577
428.0,0.01,0.535,0.03,16.3,0.0348711915483261
429.0,0.01,0.5373,0.04,16.18,0.0414754144041992
430.0,0.01,0.53095,0.07,16.43,0.0320444612998874
431.0,0.01,0.52955,0.03,15.82,0.0232604277690686
432.0,0.01,0.53535,0.0,16.54,0.0410137476951329
433.0,0.01,0.52955,0.04,15.9,0.0312737509742599
434.0,0.01,0.5295,0.05,16.23,0.0307855485577229
435.0,0.01,0.5324,0.03,16.54,0.0346300447588505
436.0,0.01,0.54005,0.03,16.75,0.0447017617102502
437.0,0.01,0.536,0.06,16.65,0.0469521032542733
438.0,0.01,0.5283,0.08,16.04,0.0308157427299747
439.0,0.01,0.53395,0.03,16.22,0.0379163223427586
440.0,0.01,0.543,0.05,16.95,0.0469680742632694
441.0,0.01,0.5326,0.09,16.18,0.0342598890832986
442.0,0.01,0.53175,0.03,16.39,0.0286127157047337
443.0,0.01,0.5373,0.04,17.26,0.0395753711290243
444.0,0.01,0.5314,0.04,16.13,0.0354547599061112
445.0,0.01,0.5319,0.04,16.4,0.0330286239495374
446.0,0.01,0.53725,0.02,16.21,0.0506279320138598
447.0,0.01,0.53125,0.07,15.77,0.0291836855109157
448.0,0.01,0.53865,0.01,16.48,0.0443838653116187
449.0,0.01,0.5323,0.09,16.84,0.0322057448291452
450.0,0.01,0.5338,0.02,16.03,0.0354691415176622
451.0,0.01,0.5327,0.03,16.04,0.0309145596766304
452.0,0.01,0.53745,0.03,16.23,0.0456754583994503
453.0,0.01,0.53005,0.08,16.32,0.0266223120708926
454.0,0.01,0.53635,0.03,16.35,0.0380319273768766
455.0,0.01,0.5325,0.07,16.15,0.0280846933399683
456.0,0.01,0.52835,0.02,15.37,0.0280004910671225
457.0,0.01,0.53575,0.02,17.09,0.0315228092022261
458.0,0.01,0.5355,0.01,16.55,0.035745629103429
459.0,0.01,0.5332,0.04,16.36,0.0451304775068914
460.0,0.01,0.5391,0.06,15.77,0.0448239891129738
461.0,0.01,0.5342,0.05,15.84,0.0322158346159144
462.0,0.01,0.53185,0.02,16.01,0.0318955717929612
463.0,0.01,0.5337,0.06,16.21,0.0345370815211699
464.0,0.01,0.5304,0.04,15.61,0.0355434944821131
465.0,0.01,0.5306,0.03,15.94,0.02805601539777
466.0,0.01,0.52905,0.02,16.78,0.0233312558598972
467.0,0.01,0.52975,0.01,16.25,0.0377185299289357
468.0,0.01,0.53175,0.03,15.65,0.0299614335438061
469.0,0.01,0.54245,0.04,16.04,0.0480077858268836
470.0,0.01,0.5289,0.12,16.7,0.0215705818187643
471.0,0.01,0.5339,0.02,16.17,0.0319106565272477
472.0,0.01,0.52975,0.04,16.28,0.0354920765805552
473.0,0.01,0.54515,0.03,15.82,0.0536910374271159
474.0,0.01,0.5314,0.08,15.56,0.0332120460074353
475.0,0.01,0.5286,0.03,15.14,0.026192365299836
476.0,0.01,0.5293,0.02,16.26,0.0218748714281946
477.0,0.01,0.53485,0.03,15.96,0.0371110158847743
478.0,0.01,0.5373,0.06,16.61,0.0415296279781076
479.0,0.01,0.53295,0.06,16.42,0.0310893470500744
480.0,0.01,0.52895,0.05,15.84,0.0291487135222122
481.0,0.01,0.53985,0.02,15.48,0.0504403360417043
482.0,0.01,0.53765,0.09,15.73,0.0445222135568308
483.0,0.01,0.53665,0.06,15.89,0.0463036445649803
484.0,0.01,0.53345,0.06,16.73,0.0320444612998883
485.0,0.01,0.54105,0.04,16.62,0.0440811467636678
486.0,0.01,0.5322,0.08,15.69,0.0357583556668933
487.0,0.01,0.52725,0.04,15.29,0.0249436865759662
488.0,0.01,0.5303,0.02,15.47,0.0335247669641425
489.0,0.01,0.5378,0.04,16.16,0.0441096361354292
490.0,0.01,0.5332,0.07,15.82,0.0315952528079778
491.0,0.01,0.53195,0.03,15.61,0.0355520393226594
492.0,0.01,0.54035,0.03,16.3,0.0455974505866282
493.0,0.01,0.5398,0.09,16.21,0.0464968816158671
494.0,0.01,0.53745,0.09,15.29,0.0458611763913651
495.0,0.01,0.5341,0.05,14.86,0.0353721641972896
496.0,0.01,0.5427,0.06,15.5,0.049896993897427
497.0,0.01,0.5372,0.1,15.53,0.0384403433907658
498.0,0.01,0.52895,0.07,15.4,0.021935074652255
499.0,0.01,0.5409,0.0,15.17,0.042728093802555
500.0,0.01,0.5348,0.06,15.41,0.0393186978421203
501.0,0.01,0.53685,0.06,15.86,0.0443602017578816
502.0,0.01,0.5411,0.07,15.33,0.0476423131260437
503.0,0.01,0.5317,0.09,15.7,0.0266666458333244
504.0,0.01,0.5345,0.02,16.33,0.0411794851837666
505.0,0.01,0.53715,0.05,16.13,0.0333410782669066
506.0,0.01,0.54155,0.05,16.01,0.0510866665579194
507.0,0.01,0.54075,0.08,15.45,0.0406348065087054
508.0,0.01,0.532,0.05,15.78,0.0346410161513764
509.0,0.01,0.5326,0.06,16.02,0.030294223871886
510.0,0.01,0.5281,0.03,14.95,0.020233388248141
511.0,0.01,0.53835,0.0,16.35,0.047942960901471
512.0,0.01,0.52635,0.07,15.27,0.0265881082440985
513.0,0.01,0.53245,0.04,15.68,0.0336711671909349
514.0,0.01,0.53375,0.05,15.69,0.0418352423203219
515.0,0.01,0.53485,0.05,15.16,0.0377786646137732
516.0,0.01,0.5324,0.07,15.73,0.0345867026471159
517.0,0.01,0.53865,0.04,15.57,0.0412059158374125
518.0,0.01,0.53745,0.06,15.44,0.0473998681432757
519.0,0.01,0.53095,0.06,15.52,0.0357539857917967
520.0,0.01,0.53105,0.04,15.47,0.0315618044477813
521.0,0.01,0.53265,0.04,15.93,0.033290051066348
522.0,0.01,0.5322,0.02,15.38,0.0300526205180183
523.0,0.01,0.5345,0.04,15.23,0.0415180683558378
524.0,0.01,0.53365,0.04,15.68,0.0294181491599992
525.0,0.01,0.53785,0.02,15.38,0.040486139603573
526.0,0.01,0.53115,0.05,15.42,0.0265692961893984
527.0,0.01,0.5337,0.01,14.6,0.0336646699077823
528.0,0.01,0.52725,0.07,15.11,0.0283229147511339
529.0,0.01,0.53325,0.03,15.4,0.0376189779233836
530.0,0.01,0.53585,0.06,15.16,0.0334144803939843
531.0,0.01,0.53355,0.05,15.36,0.0359464532325507
532.0,0.01,0.5374,0.06,15.14,0.0384738872483665
533.0,0.01,0.53495,0.07,15.03,0.0394873080875358
534.0,0.01,0.5348,0.06,15.37,0.038999487176115
535.0,0.01,0.53775,0.06,15.61,0.0426460725038077
536.0,0.01,0.53475,0.08,14.71,0.0423991450385498
537.0,0.01,0.5364,0.06,15.06,0.0347208870854427
538.0,0.01,0.5318,0.02,15.4,0.0340185243654092
539.0,0.01,0.53275,0.05,14.92,0.0326525267016213
540.0,0.01,0.537,0.04,15.53,0.042608684560779
541.0,0.01,0.54155,0.06,14.85,0.0452697194601427
542.0,0.01,0.53355,0.09,15.49,0.0332211905265286
543.0,0.01,0.5291,0.06,15.56,0.0215450690414311
544.0,0.01,0.53415,0.01,14.94,0.0397118055494836
545.0,0.01,0.5405,0.03,15.54,0.0495555244145385
546.0,0.01,0.53915,0.07,14.58,0.0483944986542887
547.0,0.01,0.54165,0.08,14.41,0.0484925509743507
548.0,0.01,0.53555,0.08,14.87,0.0392803704157688
549.0,0.01,0.53135,0.07,15.29,0.0309504038745855
550.0,0.01,0.531,0.06,14.63,0.0392173431022549
551.0,0.01,0.53675,0.03,15.38,0.0340027572411409
552.0,0.01,0.53065,0.06,14.62,0.0251461229616002
553.0,0.01,0.53615,0.03,15.53,0.0401052053978028
554.0,0.01,0.53605,0.09,15.03,0.044346899553407
555.0,0.01,0.52905,0.06,14.62,0.0256874969586368
556.0,0.01,0.53465,0.01,15.11,0.0384399206554841
557.0,0.01,0.53935,0.06,14.9,0.0415731584077998
558.0,0.01,0.5283,0.07,14.6,0.028436068645297
559.0,0.01,0.5365,0.02,14.96,0.0406355755465583
560.0,0.01,0.5339,0.05,15.45,0.0375071993089326
561.0,0.01,0.53645,0.05,15.2,0.0440754750399818
562.0,0.01,0.53175,0.06,14.74,0.0302438010177276
563.0,0.01,0.54065,0.03,14.86,0.0501231234062691
564.0,0.01,0.53275,0.07,14.71,0.0379629753839199
565.0,0.01,0.5356,0.06,15.12,0.0466598328329615
566.0,0.01,0.5367,0.06,15.23,0.0415645281460037
567.0,0.01,0.5428,0.04,14.89,0.05420018450153
568.0,0.01,0.53235,0.13,14.11,0.0348026938612519
569.0,0.01,0.53015,0.05,14.46,0.0305160203827426
570.0,0.01,0.53885,0.03,15.07,0.0406377595346984
571.0,0.01,0.5385,0.07,14.86,0.0429796463456835
572.0,0.01,0.53445,0.05,14.89,0.0325568349198758
573.0,0.01,0.53295,0.04,15.39,0.0322265030681268
574.0,0.01,0.5299,0.03,14.82,0.0333839781931388
575.0,0.01,0.5281,0.03,15.56,0.0231924556698937
576.0,0.01,0.53145,0.01,14.51,0.0334835407327246
577.0,0.01,0.53715,0.04,14.89,0.0433142874811533
578.0,0.01,0.54605,0.06,15.17,0.0536670056925103
579.0,0.01,0.5337,0.1,15.44,0.0284571607859939
580.0,0.01,0.5343,0.05,14.37,0.0349501072959732
581.0,0.01,0.534,0.06,14.2,0.0398497176903423
582.0,0.01,0.52825,0.07,14.87,0.0230258007461196
583.0,0.01,0.53555,0.04,15.35,0.0448993040035144
584.0,0.01,0.53065,0.05,14.82,0.0298885847774686
585.0,0.01,0.5365,0.04,14.96,0.0460461724793717
586.0,0.01,0.5306,0.08,14.36,0.0352369124640615
587.0,0.01,0.53415,0.05,14.77,0.0328409424347115
588.0,0.01,0.53835,0.03,15.55,0.0416896569906736
589.0,0.01,0.5278,0.04,14.29,0.0260030767410316
590.0,0.01,0.54155,0.03,14.93,0.0538177247753935
591.0,0.01,0.5356,0.08,13.97,0.0347151263860574
592.0,0.01,0.5294,0.06,15.13,0.0270303533088258
593.0,0.01,0.54565,0.03,15.29,0.0553924859525186
594.0,0.01,0.5344,0.09,14.81,0.0386993539997751
595.0,0.01,0.53355,0.05,15.12,0.0330854575304609
596.0,0.01,0.5328,0.03,15.17,0.0285510069874949
597.0,0.01,0.5349,0.02,14.2,0.0431102076079435
598.0,0.01,0.5339,0.07,15.4,0.037246342102278
599.0,0.01,0.5467,0.05,15.34,0.0602628409552691
600.0,0.01,0.5386,0.13,14.27,0.0354618104444768
601.0,0.01,0.5257,0.08,14.6,0.0223161376586527
602.0,0.01,0.53245,0.03,14.95,0.0447464803085102
603.0,0.01,0.52985,0.07,14.5,0.0275994112256036
604.0,0.01,0.5366,0.01,14.67,0.0379201793244694
605.0,0.01,0.53235,0.04,15.29,0.0354432997899468
606.0,0.01,0.53045,0.04,14.39,0.0271025367816375
607.0,0.01,0.52995,0.03,14.72,0.0359964928847234
608.0,0.01,0.531,0.02,13.85,0.0232808934536454
609.0,0.01,0.5407,0.03,15.33,0.0467280429720746
610.0,0.01,0.53985,0.07,14.73,0.040678341903279
611.0,0.01,0.53595,0.09,14.02,0.0472265550299824
612.0,0.01,0.538,0.06,13.96,0.0403298896601513
613.0,0.01,0.5375,0.06,14.81,0.0445954033505701
614.0,0.01,0.5336,0.06,14.49,0.0371219611550902
615.0,0.01,0.53525,0.02,14.69,0.0447346342334438
616.0,0.01,0.5358,0.06,14.26,0.0449261616433021
617.0,0.01,0.52735,0.06,14.21,0.0244177701684652
618.0,0.01,0.53245,0.01,14.68,0.0300956392189955
619.0,0.01,0.52745,0.03,14.33,0.0314284504867789
620.0,0.01,0.53025,0.03,14.42,0.0343392996434117
621.0,0.01,0.53795,0.03,14.07,0.0410432393945698
622.0,0.01,0.53675,0.04,14.12,0.0371374137494782
623.0,0.01,0.53295,0.05,13.98,0.0294116898528458
624.0,0.01,0.53465,0.04,14.45,0.0414140978411931
625.0,0.01,0.54285,0.07,13.8,0.0464018049217912
626.0,0.01,0.53905,0.1,14.52,0.048737536868414
627.0,0.01,0.5357,0.11,14.48,0.0419047729978344
628.0,0.01,0.5396,0.05,14.6,0.046328608871841
629.0,0.01,0.5362,0.07,14.21,0.0383934890313442
630.0,0.01,0.53445,0.06,14.3,0.0313838732472596
631.0,0.01,0.5448,0.05,14.7,0.0512538779020661
632.0,0.01,0.5349,0.06,14.76,0.0317488582471868
633.0,0.01,0.538,0.02,13.84,0.045912961132996
634.0,0.01,0.5331,0.07,14.04,0.0339542339038884
635.0,0.01,0.53885,0.03,14.47,0.0455952574288165
636.0,0.01,0.5338,0.06,14.15,0.0450728299533093
637.0,0.01,0.5301,0.07,14.12,0.0316858012365153
638.0,0.01,0.5403,0.04,14.26,0.0498689282018374
639.0,0.01,0.53375,0.08,14.75,0.039789288759666
640.0,0.01,0.52895,0.05,13.7,0.0223080142549707
641.0,0.01,0.5376,0.0,13.43,0.0398150725228523
642.0,0.01,0.5359,0.07,14.45,0.0331389498928367
643.0,0.01,0.53495,0.07,14.33,0.0416202775098863
644.0,0.01,0.5391,0.06,13.68,0.0504498761148135
645.0,0.01,0.53615,0.09,13.88,0.03653665967217
646.0,0.01,0.5335,0.05,14.13,0.0344056681376781
647.0,0.01,0.5379,0.06,14.08,0.0380866118209532
648.0,0.01,0.53045,0.05,13.36,0.0358963438249638
649.0,0.01,0.5383,0.03,14.27,0.0308643807648885
650.0,0.01,0.5389,0.05,14.34,0.045461962122196
651.0,0.01,0.5297,0.06,13.69,0.0340868009645969
652.0,0.01,0.53275,0.04,13.74,0.025965120835461
653.0,0.01,0.54435,0.03,13.34,0.0538082475090946
654.0,0.01,0.53835,0.08,14.16,0.0443004232485422
655.0,0.01,0.5407,0.08,14.02,0.0522973230672473
656.0,0.01,0.5335,0.1,13.78,0.0314682379551195
657.0,0.01,0.54195,0.04,14.55,0.0569644406625746
658.0,0.01,0.5412,0.11,13.46,0.0468728066153503
659.0,0.01,0.5334,0.08,13.63,0.0354815444985142
660.0,0.01,0.5345,0.04,14.8,0.0335670969849951
661.0,0.01,0.53775,0.04,14.61,0.0352233942146402
662.0,0.01,0.53285,0.08,14.0,0.036737276709086
663.0,0.01,0.53365,0.02,13.58,0.0386707576858784
664.0,0.01,0.5348,0.07,13.98,0.0425083521204947
665.0,0.01,0.54105,0.06,13.54,0.0439505119424111
666.0,0.01,0.53935,0.06,13.16,0.0453191736464827
667.0,0.01,0.5338,0.07,14.14,0.0336832302488932
668.0,0.01,0.5369,0.06,14.05,0.0484343886097479
669.0,0.01,0.53115,0.06,13.74,0.025207687319545
670.0,0.01,0.53205,0.04,13.58,0.0245060706764669
671.0,0.01,0.53505,0.0,13.86,0.0400405731727209
672.0,0.01,0.5343,0.05,13.57,0.0379276943670461
673.0,0.01,0.5344,0.05,13.47,0.0434699896480303
674.0,0.01,0.5435,0.07,13.31,0.0494545245655039
675.0,0.01,0.5399,0.08,13.56,0.0527445731805653
676.0,0.01,0.5375,0.08,13.65,0.0499574819221307
677.0,0.01,0.54085,0.07,13.47,0.0404663749303043
678.0,0.01,0.5385,0.04,13.37,0.0500624609862518
679.0,0.01,0.5439,0.08,13.95,0.0506536277081904
680.0,0.01,0.5366,0.09,13.76,0.0390760796395944
681.0,0.01,0.54205,0.04,13.28,0.0529343697421624
682.0,0.01,0.5365,0.1,14.03,0.0465644714347757
683.0,0.01,0.5337,0.09,14.72,0.0330803567090794
684.0,0.01,0.53415,0.03,13.1,0.0333995134695102
685.0,0.01,0.5327,0.05,13.74,0.0341278478665145
686.0,0.01,0.5386,0.04,13.55,0.0422615664641059
687.0,0.01,0.5344,0.06,13.96,0.0338694552657683
688.0,0.01,0.5425,0.04,13.12,0.0476890972864865
689.0,0.01,0.53365,0.08,13.3,0.032356259054469
690.0,0.01,0.53395,0.03,12.67,0.0392765515288702
691.0,0.01,0.5329,0.07,13.39,0.0408606167354336
692.0,0.01,0.5394,0.05,13.6,0.048889058080514
693.0,0.01,0.5361,0.07,13.51,0.0360456654814418
694.0,0.01,0.5381,0.04,13.02,0.043890659598598
695.0,0.01,0.53265,0.07,13.08,0.0287963105275673
696.0,0.01,0.53475,0.03,13.08,0.0368942746235777
697.0,0.01,0.5361,0.03,13.03,0.0405375134905924
698.0,0.01,0.5383,0.07,13.31,0.0480427934241966
699.0,0.01,0.53265,0.07,13.46,0.0354221329115019
700.0,0.01,0.5424,0.04,13.48,0.0492416490381875
701.0,0.01,0.5371,0.07,13.12,0.0456080036835639
702.0,0.01,0.5357,0.07,13.47,0.0325039997538766
703.0,0.01,0.5439,0.05,12.88,0.0499378613879283
704.0,0.01,0.5454,0.08,13.41,0.057287345897676
705.0,0.01,0.5363,0.07,13.25,0.0388498391245066
706.0,0.01,0.5353,0.06,13.37,0.0379527337618788
707.0,0.01,0.53385,0.04,13.11,0.0399177592056464
708.0,0.01,0.53365,0.03,12.92,0.0380844784656414
709.0,0.01,0.53365,0.05,13.19,0.0361514522529862
710.0,0.01,0.53365,0.06,13.13,0.035048930083527
711.0,0.01,0.53795,0.04,13.3,0.0451225830377647
712.0,0.01,0.53335,0.08,13.45,0.0346630567030668
713.0,0.01,0.53855,0.03,12.65,0.0390723367614463
714.0,0.01,0.5374,0.07,13.15,0.042269847409235
715.0,0.01,0.53635,0.07,12.93,0.0365981898459464
716.0,0.01,0.5361,0.04,12.93,0.0424298244163228
717.0,0.01,0.5384,0.07,12.48,0.0488256080351287
718.0,0.01,0.53515,0.08,13.0,0.0359266962021277
719.0,0.01,0.5403,0.05,12.72,0.0432424559894553
720.0,0.01,0.53925,0.07,12.66,0.0468528280896679
721.0,0.01,0.53525,0.08,12.94,0.044336074476661
722.0,0.01,0.5357,0.06,13.52,0.0419584318105437
723.0,0.01,0.5377,0.05,12.9,0.0460185832028751
724.0,0.01,0.52855,0.05,12.99,0.0381398413735546
725.0,0.01,0.5426,0.05,12.48,0.0576128457898068
726.0,0.01,0.53965,0.11,13.17,0.0504740279747904
727.0,0.01,0.53635,0.07,12.89,0.0339400574542815
728.0,0.01,0.5365,0.05,12.7,0.0421515124283821
729.0,0.01,0.5333,0.05,13.22,0.0323204269773785
730.0,0.01,0.53,0.05,13.03,0.0340147027033894
731.0,0.01,0.53365,0.05,13.47,0.0379727204714113
732.0,0.01,0.53875,0.06,13.23,0.0410693011871405
733.0,0.01,0.53795,0.06,12.69,0.0460982374934224
734.0,0.01,0.5501,0.06,13.16,0.0604399702183908
735.0,0.01,0.5383,0.16,13.47,0.0429139837349085
736.0,0.01,0.5346,0.05,12.86,0.0433628873577399
737.0,0.01,0.53705,0.05,13.1,0.0436697549798482
738.0,0.01,0.5356,0.06,12.37,0.0405233266156662
739.0,0.01,0.5316,0.04,12.83,0.0272569257254
740.0,0.01,0.5391,0.04,12.54,0.0393788014038013
741.0,0.01,0.5325,0.06,12.56,0.0404691240330211
742.0,0.01,0.53405,0.04,12.83,0.04318966890357
743.0,0.01,0.5424,0.06,13.04,0.0559038460215398
744.0,0.01,0.54185,0.13,12.74,0.0486449123752935
745.0,0.01,0.5347,0.12,12.92,0.0320844198950217
746.0,0.01,0.5362,0.02,12.77,0.040044475274374
747.0,0.01,0.542,0.05,13.06,0.045918405895675
748.0,0.01,0.5408,0.07,12.53,0.052856976833717
749.0,0.01,0.53985,0.08,12.61,0.0522898412696011
750.0,0.01,0.5395,0.08,12.46,0.0344710023062872
751.0,0.01,0.5393,0.09,12.76,0.048615943886754
752.0,0.01,0.5364,0.07,12.49,0.0384517879948388
753.0,0.01,0.5402,0.07,12.37,0.0516135641086723
754.0,0.01,0.535,0.08,13.39,0.0392937654087769
755.0,0.01,0.53595,0.06,12.2,0.0439129536697315
756.0,0.01,0.54225,0.08,13.21,0.0542096624228563
757.0,0.01,0.53375,0.1,12.79,0.0486383336474436
758.0,0.01,0.53405,0.07,12.46,0.0385466924651126
759.0,0.01,0.53805,0.04,12.71,0.0533848995503411
760.0,0.01,0.53815,0.06,12.68,0.0439013382483947
761.0,0.01,0.53725,0.05,13.2,0.0394928791049731
762.0,0.01,0.53995,0.05,12.87,0.0426409134517534
763.0,0.01,0.53885,0.08,12.41,0.0513607583666749
764.0,0.01,0.53935,0.11,12.31,0.0492019054509076
765.0,0.01,0.53455,0.07,11.88,0.0350149610880842
766.0,0.01,0.53365,0.03,12.26,0.0368025474661731
767.0,0.01,0.53385,0.05,13.17,0.0408769800743656
768.0,0.01,0.53275,0.06,12.68,0.0328509893306134
769.0,0.01,0.5395,0.04,12.57,0.0538168189323751
770.0,0.01,0.5406,0.08,13.09,0.0504890087048657
771.0,0.01,0.5356,0.1,12.24,0.0401016209148698
772.0,0.01,0.535,0.07,12.22,0.0436921045499069
773.0,0.01,0.5409,0.07,12.14,0.049119140871965
774.0,0.01,0.53615,0.07,12.26,0.0482019449815038
775.0,0.01,0.5401,0.05,12.56,0.0409876810761473
776.0,0.01,0.54025,0.09,12.69,0.0447346342334438
777.0,0.01,0.53985,0.08,11.95,0.0457845770975341
778.0,0.01,0.543,0.09,11.9,0.04886205071423
779.0,0.01,0.5313,0.09,12.28,0.0360043052981171
780.0,0.01,0.5459,0.04,12.65,0.0450631778728481
781.0,0.01,0.53995,0.09,11.85,0.040567813596495
782.0,0.01,0.5381,0.07,12.38,0.0507088749628697
783.0,0.01,0.5333,0.06,12.53,0.0359667902376608
784.0,0.01,0.53785,0.04,12.43,0.0505284820670478
785.0,0.01,0.53855,0.06,12.44,0.0366011953356708
786.0,0.01,0.53495,0.08,12.12,0.0439516495708633
787.0,0.01,0.52995,0.07,12.56,0.0330567315383719
788.0,0.01,0.54485,0.03,11.94,0.0565617140829389
789.0,0.01,0.5393,0.11,11.82,0.0426439913704146
790.0,0.01,0.552,0.1,12.66,0.0649384323802167
791.0,0.01,0.5399,0.12,11.97,0.0489539579605161
792.0,0.01,0.537,0.1,12.0,0.0438919126947088
793.0,0.01,0.53045,0.06,12.58,0.0356657749109709
794.0,0.01,0.5318,0.04,12.78,0.0306473489881252
795.0,0.01,0.5381,0.04,12.03,0.0444003378365521
796.0,0.01,0.53775,0.06,12.25,0.047304201716127
797.0,0.01,0.53825,0.06,11.5,0.0440872714057018
798.0,0.01,0.5318,0.08,12.55,0.0416204276768023
799.0,0.01,0.5307,0.06,11.77,0.027377180278473
800.0,0.01,0.53595,0.02,12.2,0.0427299368124969
801.0,0.01,0.5378,0.06,12.39,0.0396441672885177
802.0,0.01,0.5423,0.06,11.95,0.0545912996731163
803.0,0.01,0.538,0.1,12.6,0.0442662399577828
804.0,0.01,0.53475,0.06,12.22,0.0384926941119999
805.0,0.01,0.5366,0.04,12.5,0.046598712428563
806.0,0.01,0.54345,0.08,12.21,0.0547708636046579
807.0,0.01,0.54135,0.12,12.18,0.0463996497831606
808.0,0.01,0.5345,0.08,11.54,0.0385389413450862
809.0,0.01,0.5337,0.07,12.21,0.0371457938399481
810.0,0.01,0.54435,0.04,11.85,0.0519694862395233
811.0,0.01,0.5404,0.1,12.23,0.0420397431010229
812.0,0.01,0.5416,0.08,11.93,0.0513657473419784
813.0,0.01,0.53835,0.09,12.18,0.0390451981682765
814.0,0.01,0.5412,0.06,12.2,0.0532687525665846
815.0,0.01,0.536,0.1,12.17,0.0477074417675057
816.0,0.01,0.53535,0.07,11.9,0.0340973239419168
817.0,0.01,0.5463,0.05,11.79,0.0586626797887723
818.0,0.01,0.5342,0.12,12.84,0.04335158589948
819.0,0.01,0.5388,0.05,12.35,0.0437271082967984
820.0,0.01,0.54095,0.06,12.06,0.0521377742140949
821.0,0.01,0.5379,0.09,11.76,0.0431924761966708
822.0,0.01,0.53955,0.07,11.95,0.0522259274690267
823.0,0.01,0.5364,0.07,11.57,0.0420242786969631
824.0,0.01,0.5334,0.04,12.32,0.0399804952445562
825.0,0.01,0.5454,0.05,11.62,0.0497276582999846
826.0,0.01,0.54145,0.11,11.66,0.0489964029291949
827.0,0.01,0.5355,0.08,12.01,0.0425646567001303
828.0,0.01,0.54105,0.04,12.16,0.0572332726654695
829.0,0.01,0.5375,0.09,11.36,0.0464300549213547
830.0,0.01,0.53885,0.07,12.26,0.0443387809936174
831.0,0.01,0.53935,0.07,12.12,0.0406426807678829
832.0,0.01,0.5459,0.06,11.35,0.0624354867042767
833.0,0.01,0.53865,0.14,11.56,0.0503331650107552
834.0,0.01,0.53705,0.09,11.59,0.0503591848623469
835.0,0.01,0.53955,0.09,11.85,0.0494170770078527
836.0,0.01,0.5428,0.1,11.6,0.0582079032434593
837.0,0.01,0.55125,0.1,11.39,0.0598680841517415
838.0,0.01,0.5412,0.12,11.16,0.0490006122410732
839.0,0.01,0.53765,0.07,11.46,0.0408806494566811
840.0,0.01,0.542,0.06,11.18,0.0530801281083606
841.0,0.01,0.5426,0.08,11.4,0.0540854878872332
842.0,0.01,0.5399,0.09,11.54,0.0494164952217369
843.0,0.01,0.53955,0.06,11.74,0.0487806057772966
844.0,0.01,0.5359,0.08,11.15,0.0427865633113938
845.0,0.01,0.54205,0.05,11.1,0.0524361278127972
846.0,0.01,0.5435,0.06,11.76,0.052519044164951
847.0,0.01,0.53945,0.09,11.74,0.043976669951237
848.0,0.01,0.5355,0.1,11.38,0.0465698400254917
849.0,0.01,0.54135,0.08,11.49,0.044546913473326
850.0,0.01,0.5442,0.1,11.37,0.05417896270694
851.0,0.01,0.5374,0.11,11.33,0.0427754602546837
852.0,0.01,0.5409,0.05,11.68,0.0527464690761378
853.0,0.01,0.53865,0.07,11.89,0.0451323331991595
854.0,0.01,0.536,0.07,11.29,0.0473655993311597
855.0,0.01,0.5453,0.07,11.77,0.0511019569096916
856.0,0.01,0.54055,0.09,11.57,0.0508620438047868
857.0,0.01,0.53925,0.09,11.43,0.0466120960695825
858.0,0.01,0.54075,0.05,11.16,0.0484529410872025
859.0,0.01,0.5372,0.08,11.26,0.041444661899936
860.0,0.01,0.5322,0.08,12.31,0.0403566599212572
861.0,0.01,0.54085,0.06,11.09,0.0495431882300682
862.0,0.01,0.53735,0.07,11.58,0.0389387660307825
863.0,0.01,0.5353,0.07,11.4,0.0434443321965022
864.0,0.01,0.5396,0.07,11.28,0.0539568345995208
865.0,0.01,0.53835,0.08,11.29,0.0457277541543427
866.0,0.01,0.5368,0.07,11.52,0.0459430081731709
867.0,0.01,0.54085,0.08,10.83,0.0528585612744044
868.0,0.01,0.53435,0.09,11.58,0.0393868950286771
869.0,0.01,0.5415,0.05,10.72,0.0419732057389004
870.0,0.01,0.5339,0.08,11.47,0.0374605125432094
871.0,0.01,0.53365,0.05,11.16,0.0392355387372203
872.0,0.01,0.5395,0.06,11.82,0.0574042681339988
873.0,0.01,0.54905,0.11,10.94,0.0617927787043113
874.0,0.01,0.53945,0.14,11.14,0.0489688421345655
875.0,0.01,0.5382,0.07,10.58,0.0505891292670664
876.0,0.01,0.5451,0.06,10.97,0.0574542426631837
877.0,0.01,0.5443,0.12,10.89,0.0494622077954474
878.0,0.01,0.5353,0.09,11.14,0.0384630991991027
879.0,0.01,0.543,0.07,11.21,0.0523497850998452
880.0,0.01,0.5465,0.1,11.16,0.0520648633917351
881.0,0.01,0.5479,0.1,10.99,0.0591277430653337
882.0,0.01,0.5316,0.14,11.01,0.0369383269788978
883.0,0.01,0.54105,0.05,10.64,0.060254854576208
884.0,0.01,0.547,0.1,11.53,0.0594558659847786
885.0,0.01,0.543,0.13,11.25,0.0579050947672137
886.0,0.01,0.54775,0.09,11.53,0.0664619251902925
887.0,0.01,0.54255,0.12,11.2,0.055292381934585
888.0,0.01,0.54045,0.12,10.8,0.0478283127446493
889.0,0.01,0.5453,0.06,11.06,0.0563773890846323
890.0,0.01,0.5428,0.09,10.76,0.0546960693286085
891.0,0.01,0.5359,0.09,10.62,0.0491700111856802
892.0,0.01,0.53685,0.07,11.19,0.0479408750441622
893.0,0.01,0.54115,0.06,11.13,0.0516810168243624
894.0,0.01,0.5332,0.1,11.24,0.0345291181468627
895.0,0.01,0.5459,0.05,10.71,0.0573165770087497
896.0,0.01,0.5347,0.14,11.14,0.0392735279800536
897.0,0.01,0.54155,0.06,11.22,0.0592313050675069
898.0,0.01,0.55445,0.11,10.77,0.0667453930994494
899.0,0.01,0.5394,0.14,11.13,0.0485606836854661
900.0,0.01,0.5407,0.09,11.01,0.0496841020850738
901.0,0.01,0.54085,0.07,10.98,0.0464868529801703
902.0,0.01,0.53875,0.07,10.6,0.0433380606395818
903.0,0.01,0.5439,0.06,10.86,0.0557206424945003
904.0,0.01,0.54425,0.1,10.62,0.0556748372247279
905.0,0.01,0.5356,0.09,11.12,0.0432046293815827
906.0,0.01,0.5386,0.05,10.78,0.0430701752956733
907.0,0.01,0.53965,0.05,10.57,0.0406648189470938
908.0,0.01,0.5492,0.06,10.58,0.0628876776483275
909.0,0.01,0.5404,0.14,10.56,0.0442361842839097
910.0,0.01,0.54435,0.07,11.03,0.0522142461403012
911.0,0.01,0.54775,0.09,10.98,0.0561799563901577
912.0,0.01,0.55065,0.11,10.84,0.0618815602582877
913.0,0.01,0.54485,0.13,11.09,0.0558276589156314
914.0,0.01,0.53505,0.11,10.85,0.0361697041735203
915.0,0.01,0.53195,0.05,10.41,0.0298822271592993
916.0,0.01,0.5464,0.04,10.76,0.0557542823467404
917.0,0.01,0.5388,0.11,10.85,0.0394025379893215
918.0,0.01,0.549,0.06,10.34,0.063788713735269
919.0,0.01,0.5458,0.14,10.43,0.0639011736981414
920.0,0.01,0.53515,0.11,10.64,0.0451467329936507
921.0,0.01,0.5407,0.05,10.53,0.0494874731624078
922.0,0.01,0.5442,0.08,10.5,0.0586716285780447
923.0,0.01,0.5402,0.1,10.89,0.0513756751780449
924.0,0.01,0.54175,0.09,11.01,0.0446619244995099
925.0,0.01,0.5435,0.06,10.53,0.0529504485344558
926.0,0.01,0.5479,0.1,10.81,0.0609474363693841
927.0,0.01,0.54635,0.14,10.08,0.059803239878789
928.0,0.01,0.54095,0.12,10.62,0.0595218237287799
929.0,0.01,0.54305,0.1,10.72,0.0475231259493731
930.0,0.01,0.5309,0.09,10.72,0.0323834834444954
931.0,0.01,0.54825,0.02,10.82,0.0583454154154376
932.0,0.01,0.5391,0.12,10.9,0.0438484891415885
933.0,0.01,0.52905,0.09,10.46,0.0328001143290691
934.0,0.01,0.5531,0.03,10.73,0.068588555896738
935.0,0.01,0.5429,0.14,10.54,0.0512941517134269
936.0,0.01,0.5385,0.11,11.15,0.0464838681695063
937.0,0.01,0.545,0.07,10.92,0.0567802782663136
938.0,0.01,0.53995,0.12,10.29,0.0504107875360022
939.0,0.01,0.54085,0.08,10.22,0.0462550267538563
940.0,0.01,0.539,0.1,10.01,0.0549636243346451
941.0,0.01,0.5431,0.12,10.38,0.0534358493897117
942.0,0.01,0.5476,0.1,10.19,0.0564999115043546
943.0,0.01,0.53875,0.12,10.74,0.051363289419585
944.0,0.01,0.536,0.11,10.01,0.041042660732462
945.0,0.01,0.5359,0.06,10.55,0.0465477174520939
946.0,0.01,0.54835,0.07,10.55,0.0610166165892536
947.0,0.01,0.54265,0.13,10.4,0.058238539645153
948.0,0.01,0.54005,0.1,10.25,0.0487570251348461
949.0,0.01,0.53875,0.07,10.03,0.0491445571757451
950.0,0.01,0.54095,0.09,10.37,0.0522862075503659
951.0,0.01,0.54245,0.07,9.97,0.0547151487250096
952.0,0.01,0.5415,0.11,9.98,0.0474420699379783
953.0,0.01,0.54035,0.09,10.21,0.046964108636277
954.0,0.01,0.54045,0.09,9.68,0.04978501280506
955.0,0.01,0.5445,0.06,10.13,0.0554729663890442
956.0,0.01,0.5452,0.1,9.73,0.0500595645206791
957.0,0.01,0.53725,0.1,10.22,0.0468901642138308
958.0,0.01,0.54175,0.06,9.68,0.0531101449819145
959.0,0.01,0.544,0.1,10.85,0.049532817404222
960.0,0.01,0.5459,0.1,10.43,0.0537046552916966
961.0,0.01,0.5406,0.1,10.29,0.0447899542308322
962.0,0.01,0.5419,0.1,10.21,0.0486352752639472
963.0,0.01,0.5381,0.07,10.72,0.0455454717837019
964.0,0.01,0.53805,0.07,9.88,0.0421953492697952
965.0,0.01,0.5522,0.07,10.62,0.061572396412678
966.0,0.01,0.53365,0.11,9.54,0.0417783137524715
967.0,0.01,0.5434,0.05,9.95,0.055941397908883
968.0,0.01,0.54045,0.1,10.01,0.0513327137408499
969.0,0.01,0.54115,0.08,10.97,0.0474544781869949
970.0,0.01,0.54115,0.07,10.01,0.0491215584036174
971.0,0.01,0.54835,0.09,10.28,0.0712216785817351
972.0,0.01,0.55425,0.14,9.69,0.0642548636291449
973.0,0.01,0.5422,0.13,10.14,0.0542739348122095
974.0,0.01,0.55135,0.1,10.46,0.0656424214970777
975.0,0.01,0.55605,0.11,10.47,0.0724095815483002
976.0,0.01,0.53785,0.18,10.43,0.045805321743221
977.0,0.01,0.54465,0.07,9.8,0.0478448273066157
978.0,0.01,0.5333,0.09,10.27,0.0404797480229317
979.0,0.01,0.55235,0.05,9.98,0.059801567705203
980.0,0.01,0.53965,0.15,9.43,0.0502008715063789
981.0,0.01,0.53315,0.08,9.53,0.0374743578997696
982.0,0.01,0.54075,0.04,9.71,0.0454993131816287
983.0,0.01,0.5396,0.06,9.92,0.0507527339165099
984.0,0.01,0.5431,0.08,9.63,0.0546936010882442
985.0,0.01,0.5424,0.1,9.66,0.0555854297455733
986.0,0.01,0.54485,0.09,9.58,0.0569449514882584
987.0,0.01,0.54295,0.09,10.1,0.0505573684046147
988.0,0.01,0.54235,0.07,9.86,0.0562647980534898
989.0,0.01,0.5455,0.1,9.51,0.0600062496745125
990.0,0.01,0.54195,0.1,9.65,0.053748930221912
991.0,0.01,0.5398,0.08,9.64,0.051297758235618
992.0,0.01,0.5432,0.08,9.63,0.0618931337064136
993.0,0.01,0.54495,0.1,9.67,0.0555405032386269
994.0,0.01,0.53975,0.1,10.15,0.0508103089933528
995.0,0.01,0.54875,0.08,9.75,0.0604043665640161
996.0,0.01,0.5406,0.09,10.07,0.0512507560919838
997.0,0.01,0.54265,0.07,10.18,0.0507269898574719
998.0,0.01,0.54705,0.09,9.76,0.0576241919683039
999.0,0.01,0.5421,0.12,9.95,0.0507847418030259
1000.0,0.01,0.54605,0.1,10.01,0.0612139485738335
1001.0,0.01,0.5983,0.13,9.02,0.0741391259727286
1.0,0.1,0.5361,0.0,0.0,0.0306967424981863
2.0,0.1,0.5307,0.35,319.95,0.0276678513802576
3.0,0.1,0.53025,0.4,311.24,0.0322209171191636
4.0,0.1,0.53265,0.4,306.67,0.026527862710743
5.0,0.1,0.53075,0.51,293.59,0.0320887441324834
6.0,0.1,0.53595,0.35,290.16,0.0306895340466417
7.0,0.1,0.54095,0.39,282.41,0.0317150989277967
8.0,0.1,0.53285,0.41,276.08,0.0283306812484262
9.0,0.1,0.5399,0.47,271.81,0.0343218589240146
10.0,0.1,0.52915,0.34,260.84,0.0249404791453575
11.0,0.1,0.533,0.28,255.44,0.0285569606225867
12.0,0.1,0.53695,0.36,248.31,0.0339992279324101
13.0,0.1,0.534,0.37,241.19,0.0261247009552258
14.0,0.1,0.5321,0.23,239.91,0.0347072038631752
15.0,0.1,0.5395,0.31,230.78,0.0311648840844954
16.0,0.1,0.5348,0.41,227.44,0.0325339822339655
17.0,0.1,0.5343,0.32,220.01,0.0276226356454269
18.0,0.1,0.53465,0.41,211.26,0.0324827261786926
19.0,0.1,0.53985,0.37,210.04,0.0294996186416035
20.0,0.1,0.53705,0.32,203.11,0.0279829859021517
21.0,0.1,0.53795,0.33,200.27,0.0353842832342265
22.0,0.1,0.5341,0.36,194.87,0.0265365785285141
23.0,0.1,0.54125,0.22,185.71,0.0460726328746258
24.0,0.1,0.53465,0.44,184.33,0.0281536409723489
25.0,0.1,0.5389,0.34,179.32,0.0345005797052743
26.0,0.1,0.5323,0.39,172.56,0.0271147561301967
27.0,0.1,0.53395,0.28,169.93,0.0308406793050992
28.0,0.1,0.5381,0.27,165.91,0.0354032484385256
29.0,0.1,0.5293,0.35,159.78,0.0251298627135128
30.0,0.1,0.53675,0.17,158.73,0.0331615364541512
31.0,0.1,0.5377,0.34,152.51,0.0355416656897212
32.0,0.1,0.53325,0.24,148.6,0.0343320185832409
33.0,0.1,0.53475,0.36,145.73,0.0355905535219667
34.0,0.1,0.53845,0.3,139.15,0.0349763848903804
35.0,0.1,0.546,0.33,139.07,0.0446430285710991
36.0,0.1,0.5379,0.38,134.29,0.0359317408428814
37.0,0.1,0.53935,0.28,131.47,0.0386306549258487
38.0,0.1,0.5379,0.39,128.18,0.0356943973194667
39.0,0.1,0.5372,0.31,124.33,0.0399206713370397
40.0,0.1,0.5391,0.3,121.87,0.0377384419392215
41.0,0.1,0.53455,0.21,117.79,0.0379677165497219
42.0,0.1,0.53565,0.22,113.69,0.036794394953579
43.0,0.1,0.54795,0.29,113.11,0.052678719612382
44.0,0.1,0.53915,0.34,109.71,0.0413524787648817
45.0,0.1,0.53895,0.26,106.36,0.0387252824392545
46.0,0.1,0.54885,0.31,105.56,0.052210415627536
47.0,0.1,0.54265,0.34,101.12,0.0525996910637322
48.0,0.1,0.54555,0.28,98.81,0.0496331290571131
49.0,0.1,0.5355,0.33,95.84,0.0315713477697719
50.0,0.1,0.54485,0.21,94.57,0.0526282006152604
51.0,0.1,0.54105,0.25,90.83,0.0413539296802618
52.0,0.1,0.54815,0.27,89.27,0.0412895567910331
53.0,0.1,0.54045,0.35,88.27,0.0404727995078178
54.0,0.1,0.53275,0.21,85.67,0.0312279922505448
55.0,0.1,0.5499,0.22,82.81,0.0506852049418762
56.0,0.1,0.5456,0.3,79.83,0.0594191888197751
57.0,0.1,0.54695,0.31,81.4,0.050571212166607
58.0,0.1,0.5401,0.29,79.33,0.0432722774995718
59.0,0.1,0.55015,0.25,75.39,0.0561669609290013
60.0,0.1,0.5458,0.31,74.56,0.0503771773722988
61.0,0.1,0.54685,0.33,73.35,0.0559225133555341
62.0,0.1,0.5543,0.36,70.55,0.0578749514038668
63.0,0.1,0.53785,0.3,70.44,0.0477244958066609
64.0,0.1,0.5527,0.22,69.33,0.0612879270329804
65.0,0.1,0.5508,0.37,67.12,0.0565938159165825
66.0,0.1,0.54035,0.36,65.98,0.0492861796044288
67.0,0.1,0.55375,0.23,64.64,0.0640444181798856
68.0,0.1,0.5503,0.3,64.4,0.0595223487439803
69.0,0.1,0.55635,0.36,62.67,0.0745146126608735
70.0,0.1,0.545,0.33,60.53,0.0504430371805664
71.0,0.1,0.55025,0.24,59.8,0.056935819129964
72.0,0.1,0.55445,0.28,57.75,0.0700567448572945
73.0,0.1,0.55335,0.32,56.38,0.0596072772402831
74.0,0.1,0.55635,0.32,55.73,0.0742995794066156
75.0,0.1,0.5572,0.38,54.02,0.0603503106868552
76.0,0.1,0.5451,0.31,54.71,0.0563470496122028
77.0,0.1,0.5526,0.31,53.24,0.0739847281538566
78.0,0.1,0.5503,0.32,52.38,0.0697524909949459
79.0,0.1,0.55895,0.27,49.26,0.0738623550937823
80.0,0.1,0.5547,0.33,50.51,0.0697345681853703
81.0,0.1,0.5452,0.26,48.93,0.0552219159392356
82.0,0.1,0.55765,0.27,48.06,0.0750248458845471
83.0,0.1,0.55485,0.32,48.32,0.0664584644721803
84.0,0.1,0.55435,0.29,47.41,0.0639791176869455
85.0,0.1,0.55915,0.32,46.65,0.0743607927607017
86.0,0.1,0.56825,0.36,45.38,0.0841557336133433
87.0,0.1,0.5632,0.4,43.55,0.070783190094824
88.0,0.1,0.5643,0.33,42.58,0.0734371159564425
89.0,0.1,0.56275,0.37,42.79,0.0701761177324599
90.0,0.1,0.5681,0.31,42.61,0.0838235647058746
91.0,0.1,0.57695,0.35,40.91,0.0833723425363593
92.0,0.1,0.56815,0.4,42.25,0.0797265796331432
93.0,0.1,0.5596,0.37,40.39,0.0723418274582557
94.0,0.1,0.569,0.33,39.79,0.085527773266934
95.0,0.1,0.5563,0.38,39.13,0.0759625565657186
96.0,0.1,0.56675,0.27,38.54,0.0779242420559863
97.0,0.1,0.56945,0.35,36.71,0.0788032201118709
98.0,0.1,0.57285,0.37,36.99,0.0893427529237816
99.0,0.1,0.5816,0.42,37.23,0.0979971428154924
100.0,0.1,0.5659,0.5,36.05,0.0839177573580226
101.0,0.1,0.56015,0.42,36.32,0.0683427208998879
102.0,0.1,0.56245,0.34,35.92,0.0816623995483847
103.0,0.1,0.57875,0.36,34.86,0.0966472322417981
104.0,0.1,0.5727,0.45,33.66,0.0838523106419854
105.0,0.1,0.57685,0.41,34.02,0.0916178339626083
106.0,0.1,0.5829,0.43,34.71,0.091630180617524
107.0,0.1,0.58915,0.52,33.2,0.0948236652951152
108.0,0.1,0.58775,0.5,33.04,0.0988569041594973
109.0,0.1,0.58525,0.48,32.25,0.0975227537552138
110.0,0.1,0.5741,0.54,33.91,0.0925915222901101
111.0,0.1,0.57585,0.42,31.36,0.0907084753482279
112.0,0.1,0.5894,0.41,32.1,0.0969955669090094
113.0,0.1,0.57935,0.45,30.84,0.0911637400505264
114.0,0.1,0.58485,0.45,31.57,0.100634126915277
115.0,0.1,0.5815,0.49,30.74,0.101065572773324
116.0,0.1,0.58075,0.46,29.44,0.0898676109619033
117.0,0.1,0.5739,0.42,29.3,0.0900904545443083
118.0,0.1,0.5907,0.45,29.69,0.0965712690193106
119.0,0.1,0.594,0.53,28.66,0.103009708280337
120.0,0.1,0.5844,0.51,28.94,0.0938996272623057
121.0,0.1,0.5843,0.45,29.0,0.101838155914176
122.0,0.1,0.5864,0.45,28.74,0.1005263149628
123.0,0.1,0.57975,0.48,28.0,0.0998358026962273
124.0,0.1,0.58905,0.41,27.9,0.0990749589957023
125.0,0.1,0.5891,0.48,27.59,0.0993639270560495
126.0,0.1,0.58335,0.49,28.21,0.0992825639274085
127.0,0.1,0.5798,0.47,27.47,0.0995789134305047
128.0,0.1,0.59315,0.43,27.35,0.106199470337662
129.0,0.1,0.5956,0.53,27.37,0.112517287560623
130.0,0.1,0.5921,0.56,26.51,0.107035461413496
131.0,0.1,0.5867,0.52,26.15,0.102772126571362
132.0,0.1,0.58845,0.5,27.1,0.09958336959553
133.0,0.1,0.6008,0.47,26.33,0.110117482717323
134.0,0.1,0.5938,0.57,26.17,0.11040181157934
135.0,0.1,0.5955,0.58,25.98,0.111300269541452
136.0,0.1,0.61065,0.53,24.73,0.108456569648869
137.0,0.1,0.5924,0.66,25.08,0.103139420203916
138.0,0.1,0.5897,0.53,25.19,0.111836532492741
139.0,0.1,0.5973,0.55,24.34,0.110436452315347
140.0,0.1,0.6071,0.53,24.94,0.110200226860021
141.0,0.1,0.5968,0.66,25.57,0.107204290958898
142.0,0.1,0.61515,0.55,24.94,0.112690849229208
143.0,0.1,0.61085,0.68,24.9,0.119463498609408
144.0,0.1,0.60125,0.63,24.08,0.107685595601269
145.0,0.1,0.59925,0.52,24.36,0.105615754033193
146.0,0.1,0.61895,0.54,24.88,0.117184245954821
147.0,0.1,0.5981,0.7,22.92,0.109116405732593
148.0,0.1,0.60515,0.56,23.44,0.111777580489112
149.0,0.1,0.6225,0.64,23.55,0.116765791223286
150.0,0.1,0.60335,0.74,23.02,0.106435555619351
151.0,0.1,0.6052,0.59,22.83,0.11707032074783
152.0,0.1,0.6165,0.65,23.79,0.12330754234839
153.0,0.1,0.62295,0.74,23.87,0.125237963493503
154.0,0.1,0.6052,0.75,23.12,0.114760446147616
155.0,0.1,0.61455,0.64,23.95,0.11636385822067
156.0,0.1,0.62305,0.69,22.66,0.123824260546954
157.0,0.1,0.6174,0.77,23.19,0.125687071729752
158.0,0.1,0.60955,0.78,22.92,0.118046802159143
159.0,0.1,0.6086,0.68,22.81,0.119683081511131
160.0,0.1,0.60815,0.67,22.17,0.114611637716246
161.0,0.1,0.61055,0.6,22.87,0.118069672227884
162.0,0.1,0.60845,0.65,22.79,0.116697675640949
163.0,0.1,0.6269,0.63,23.3,0.119016343415516
164.0,0.1,0.614,0.74,22.47,0.114723580836723
165.0,0.1,0.62185,0.72,22.26,0.120003447867134
166.0,0.1,0.61935,0.72,22.16,0.12355091055917
167.0,0.1,0.6183,0.7,22.4,0.122129480470524
168.0,0.1,0.62125,0.76,21.29,0.122994664518426
169.0,0.1,0.6172,0.79,21.34,0.117990084329151
170.0,0.1,0.60665,0.71,21.41,0.108786614525869
171.0,0.1,0.6083,0.64,22.69,0.121750195071712
172.0,0.1,0.6328,0.72,22.18,0.123633167070976
173.0,0.1,0.6283,0.84,21.67,0.122076246665762
174.0,0.1,0.61285,0.77,20.91,0.12239128849718
175.0,0.1,0.6132,0.73,21.64,0.117708368436573
176.0,0.1,0.62155,0.7,21.91,0.119481578077961
177.0,0.1,0.6299,0.76,21.35,0.125624400496082
178.0,0.1,0.6192,0.83,22.43,0.12596967889139
179.0,0.1,0.6214,0.75,21.99,0.123260050300168
180.0,0.1,0.6272,0.78,21.7,0.122166525693416
181.0,0.1,0.62645,0.74,21.7,0.126673389076001
182.0,0.1,0.62745,0.79,21.44,0.130227675630029
183.0,0.1,0.6258,0.85,21.65,0.124995439916822
184.0,0.1,0.62345,0.79,20.15,0.124319537885241
185.0,0.1,0.61955,0.74,21.66,0.124844092771745
186.0,0.1,0.63745,0.7,20.9,0.130555534160755
187.0,0.1,0.63305,0.89,20.8,0.127157176360597
188.0,0.1,0.6347,0.84,20.89,0.129034530262252
189.0,0.1,0.6121,0.85,20.67,0.123960033881893
190.0,0.1,0.63825,0.71,20.59,0.129082095969968
191.0,0.1,0.63375,0.87,20.91,0.127254420355444
192.0,0.1,0.6369,0.85,21.31,0.131361676298683
193.0,0.1,0.62615,0.88,21.12,0.126124650643718
194.0,0.1,0.64125,0.81,20.55,0.135015508368483
195.0,0.1,0.62765,0.93,20.4,0.130790777580072
196.0,0.1,0.6296,0.84,20.97,0.128838425945057
197.0,0.1,0.63225,0.81,20.67,0.12903173059368
198.0,0.1,0.63955,0.87,20.83,0.131221368305623
199.0,0.1,0.6345,0.92,20.42,0.136391898586389
200.0,0.1,0.6335,1.01,20.94,0.128766261109034
201.0,0.1,0.63715,0.85,19.97,0.126693044402603
202.0,0.1,0.63445,0.84,20.04,0.130020950234953
203.0,0.1,0.632,0.89,20.62,0.130393634813974
204.0,0.1,0.63295,0.82,20.92,0.129722964428046
205.0,0.1,0.6415,0.86,19.71,0.129312605727361
206.0,0.1,0.6328,0.93,20.17,0.127397645190168
207.0,0.1,0.63475,0.88,20.46,0.128172491198384
208.0,0.1,0.63995,0.91,20.08,0.132038810582344
209.0,0.1,0.63725,0.92,19.71,0.126638017593454
210.0,0.1,0.6393,0.9,19.51,0.130282423987275
211.0,0.1,0.6417,0.91,19.79,0.134596099497719
212.0,0.1,0.62915,0.95,19.72,0.135268353653026
213.0,0.1,0.64335,0.87,20.24,0.132472742479349
214.0,0.1,0.6264,0.92,19.6,0.126503122491107
215.0,0.1,0.6413,0.86,20.03,0.132991766662452
216.0,0.1,0.64095,0.95,19.96,0.127663023229124
217.0,0.1,0.6482,0.93,20.02,0.128960303969865
218.0,0.1,0.6329,0.97,19.63,0.131860115273725
219.0,0.1,0.6428,0.89,19.49,0.127531015835364
220.0,0.1,0.63755,0.92,19.46,0.13145815874262
221.0,0.1,0.64575,0.92,19.73,0.131746679275039
222.0,0.1,0.636,0.98,18.96,0.131633962183017
223.0,0.1,0.6427,0.89,19.21,0.132405475717585
224.0,0.1,0.64645,0.93,19.77,0.130524509192718
225.0,0.1,0.63915,0.95,19.57,0.135746187791776
226.0,0.1,0.64225,0.91,19.34,0.130811648946109
227.0,0.1,0.64255,0.96,19.82,0.129260386429873
228.0,0.1,0.65255,0.98,20.08,0.135023136906236
229.0,0.1,0.64,1.03,18.57,0.132683834735057
230.0,0.1,0.6342,0.9,18.97,0.133986417222045
231.0,0.1,0.64125,0.89,18.79,0.1389323126562
232.0,0.1,0.63225,0.99,19.89,0.128067121073287
233.0,0.1,0.6427,0.89,19.72,0.133933602953105
234.0,0.1,0.63875,0.95,19.33,0.132810720576315
235.0,0.1,0.6453,0.95,18.59,0.137691357753492
236.0,0.1,0.66215,0.99,19.2,0.13420740478826
237.0,0.1,0.6555,1.14,19.68,0.136169930601437
238.0,0.1,0.63915,1.05,19.33,0.133022657844444
239.0,0.1,0.65045,0.98,18.84,0.12708086992148
240.0,0.1,0.64995,0.99,18.56,0.133121176001416
241.0,0.1,0.65415,1.04,19.23,0.135436433429119
242.0,0.1,0.659,1.09,19.08,0.137686237511234
243.0,0.1,0.64695,1.11,18.68,0.132474327701634
244.0,0.1,0.6594,1.03,19.06,0.132323996312082
245.0,0.1,0.64455,1.03,18.53,0.139375562779133
246.0,0.1,0.64115,1.03,19.63,0.136957758086207
247.0,0.1,0.63865,0.98,18.77,0.133973607475502
248.0,0.1,0.65955,0.94,18.55,0.136810260945589
249.0,0.1,0.67195,1.14,19.52,0.139724541509357
250.0,0.1,0.64695,1.21,19.67,0.140306619587245
251.0,0.1,0.6539,1.0,20.19,0.13676728409967
252.0,0.1,0.6539,1.06,18.56,0.135067723753678
253.0,0.1,0.65585,1.06,19.14,0.134922301714727
254.0,0.1,0.65545,1.06,19.01,0.138717509709481
255.0,0.1,0.64855,1.07,18.39,0.138190620159256
256.0,0.1,0.6545,1.02,19.31,0.137961045226542
257.0,0.1,0.65905,1.08,18.66,0.137890708533969
258.0,0.1,0.6492,1.15,19.0,0.128397274114367
259.0,0.1,0.64575,1.0,19.42,0.134319348941245
260.0,0.1,0.6613,0.99,19.01,0.131910234629463
261.0,0.1,0.6596,1.03,17.93,0.133949020153192
262.0,0.1,0.6541,1.14,18.12,0.135976799491678
263.0,0.1,0.6656,1.1,18.92,0.142102568590438
264.0,0.1,0.66385,1.12,18.79,0.142460266390317
265.0,0.1,0.65435,1.18,19.07,0.132664341478786
266.0,0.1,0.65595,1.05,18.25,0.130276043461566
267.0,0.1,0.65985,1.06,18.33,0.136671970425541
268.0,0.1,0.66435,1.11,19.55,0.140397035225107
269.0,0.1,0.6615,1.18,18.27,0.13897391841637
270.0,0.1,0.6664,1.14,18.62,0.140456541321506
271.0,0.1,0.65725,1.17,18.3,0.139664553484412
272.0,0.1,0.66765,1.14,17.84,0.135222880830132
273.0,0.1,0.6566,1.2,17.79,0.138877427971575
274.0,0.1,0.6576,1.16,18.15,0.142620966200625
275.0,0.1,0.67525,1.14,18.3,0.140375166963391
276.0,0.1,0.6552,1.24,18.78,0.136575839737488
277.0,0.1,0.66145,1.13,18.2,0.138020460439748
278.0,0.1,0.6602,1.2,17.96,0.143275817917749
279.0,0.1,0.65805,1.1,17.91,0.136839130003081
280.0,0.1,0.66145,1.11,18.23,0.140141526679282
281.0,0.1,0.6656,1.13,18.67,0.142459257333457
282.0,0.1,0.66345,1.24,18.75,0.133986370575518
283.0,0.1,0.6662,1.17,17.53,0.140776631583512
284.0,0.1,0.674,1.24,17.56,0.136544864421918
285.0,0.1,0.67125,1.17,17.73,0.139779066744631
286.0,0.1,0.65375,1.24,18.46,0.14530377661988
287.0,0.1,0.6652,1.17,18.17,0.136245954068369
288.0,0.1,0.65975,1.22,18.17,0.14535882326161
289.0,0.1,0.6636,1.16,18.34,0.145502714751307
290.0,0.1,0.66615,1.16,17.94,0.142147555378206
291.0,0.1,0.6597,1.19,18.41,0.138614248906814
292.0,0.1,0.6714,1.17,17.9,0.138389089165295
293.0,0.1,0.67525,1.23,18.11,0.13297062645562
294.0,0.1,0.6616,1.29,18.2,0.139138204674345
295.0,0.1,0.6655,1.17,18.36,0.138111368105598
296.0,0.1,0.67715,1.23,17.9,0.142081411521705
297.0,0.1,0.67055,1.29,17.74,0.141238973020905
298.0,0.1,0.65925,1.25,17.91,0.145518684367335
299.0,0.1,0.67105,1.2,18.4,0.138923171213444
300.0,0.1,0.67025,1.24,17.71,0.141946072506428
301.0,0.1,0.6817,1.28,17.65,0.140257299275296
302.0,0.1,0.665,1.3,17.68,0.141945412042799
303.0,0.1,0.6828,1.23,18.34,0.134268983760212
304.0,0.1,0.6793,1.28,18.02,0.146403586021654
305.0,0.1,0.67665,1.33,17.18,0.140404869929785
306.0,0.1,0.6691,1.32,18.57,0.147160422668597
307.0,0.1,0.6731,1.33,17.95,0.145342320058543
308.0,0.1,0.6716,1.3,17.31,0.140673167306349
309.0,0.1,0.6722,1.26,18.2,0.144714062896458
310.0,0.1,0.6799,1.3,17.97,0.145263519164311
311.0,0.1,0.6628,1.33,17.61,0.142893876705757
312.0,0.1,0.66805,1.16,18.45,0.14057719409634
313.0,0.1,0.67505,1.23,17.63,0.145546375770749
314.0,0.1,0.6796,1.34,18.26,0.140519891830303
315.0,0.1,0.67185,1.33,18.1,0.140133249088144
316.0,0.1,0.67785,1.28,17.57,0.14342812660005
317.0,0.1,0.67215,1.3,17.76,0.142702934447754
318.0,0.1,0.6786,1.25,16.8,0.13987508713134
319.0,0.1,0.6815,1.34,17.95,0.133672173618894
320.0,0.1,0.6816,1.35,17.25,0.142221447046499
321.0,0.1,0.68025,1.39,18.57,0.142720662484449
322.0,0.1,0.6872,1.31,17.45,0.142895626245172
323.0,0.1,0.67935,1.42,16.97,0.140266986493615
324.0,0.1,0.67575,1.32,17.08,0.143703470730529
325.0,0.1,0.6915,1.36,18.32,0.142269989808111
326.0,0.1,0.6763,1.44,17.45,0.141378251509913
327.0,0.1,0.68045,1.33,18.24,0.145957348222006
328.0,0.1,0.68365,1.34,17.03,0.151573175397232
329.0,0.1,0.6788,1.4,17.27,0.14725338705782
330.0,0.1,0.6758,1.41,16.92,0.14728156707477
331.0,0.1,0.6858,1.32,16.89,0.147145710097169
332.0,0.1,0.68105,1.47,17.74,0.148243541174649
333.0,0.1,0.69205,1.38,16.54,0.143875110773198
334.0,0.1,0.68365,1.5,16.95,0.146028858449281
335.0,0.1,0.67895,1.44,18.02,0.146216098634863
336.0,0.1,0.68155,1.39,17.2,0.144975334108944
337.0,0.1,0.6837,1.4,17.44,0.148505252432363
338.0,0.1,0.6896,1.45,17.89,0.145307742395235
339.0,0.1,0.6862,1.36,16.78,0.146646036427855
340.0,0.1,0.68455,1.43,16.98,0.144582320841796
341.0,0.1,0.6763,1.41,16.74,0.145658195787261
342.0,0.1,0.69045,1.37,16.78,0.142003688332381
343.0,0.1,0.67945,1.41,16.81,0.147475243685169
344.0,0.1,0.6967,1.43,16.82,0.142741409548876
345.0,0.1,0.6783,1.47,16.72,0.147407971290565
346.0,0.1,0.6902,1.41,16.94,0.144594121595589
347.0,0.1,0.6923,1.44,16.8,0.139881056615969
348.0,0.1,0.6854,1.48,17.91,0.147947085135193
349.0,0.1,0.6891,1.45,17.01,0.14428683238605
350.0,0.1,0.69365,1.47,16.92,0.142565520025005
351.0,0.1,0.6906,1.46,16.87,0.148133858384908
352.0,0.1,0.6971,1.5,16.67,0.146386782190197
353.0,0.1,0.69795,1.53,16.83,0.144284605900976
354.0,0.1,0.68975,1.56,16.73,0.150100591271321
355.0,0.1,0.6984,1.53,17.57,0.146507474212069
356.0,0.1,0.6909,1.56,17.12,0.148957007220204
357.0,0.1,0.68345,1.46,16.57,0.145249259894844
358.0,0.1,0.68585,1.4,17.15,0.145610876997565
359.0,0.1,0.692,1.44,16.68,0.140801278403287
360.0,0.1,0.6895,1.51,17.04,0.141094826269428
361.0,0.1,0.70655,1.46,17.51,0.141565700294952
362.0,0.1,0.6994,1.6,16.73,0.141241424518446
363.0,0.1,0.69635,1.53,17.2,0.141428170814728
364.0,0.1,0.69235,1.51,16.65,0.146262529377828
365.0,0.1,0.68595,1.56,16.4,0.151497021422865
366.0,0.1,0.69615,1.49,16.78,0.148360801763809
367.0,0.1,0.69095,1.53,17.56,0.152388803722584
368.0,0.1,0.69645,1.57,16.67,0.140392832794271
369.0,0.1,0.69055,1.52,17.0,0.147844335366628
370.0,0.1,0.68955,1.56,17.11,0.152258160700831
371.0,0.1,0.69785,1.54,17.06,0.144821018847403
372.0,0.1,0.70365,1.55,17.45,0.144301515931053
373.0,0.1,0.6944,1.6,16.33,0.147998783778786
374.0,0.1,0.6928,1.57,16.72,0.149700233800753
375.0,0.1,0.6866,1.51,17.17,0.154144218185438
376.0,0.1,0.7082,1.52,16.29,0.147491559080511
377.0,0.1,0.70435,1.66,17.11,0.1483166460651
378.0,0.1,0.70615,1.62,16.95,0.144828959465985
379.0,0.1,0.70425,1.6,16.34,0.14225395425084
380.0,0.1,0.7014,1.61,16.77,0.149823362664172
381.0,0.1,0.7015,1.7,16.65,0.15320492811917
382.0,0.1,0.7027,1.61,16.18,0.15044005450677
383.0,0.1,0.70175,1.65,17.0,0.147489618278711
384.0,0.1,0.7138,1.63,16.71,0.144592738406878
385.0,0.1,0.7081,1.65,16.53,0.145795713242879
386.0,0.1,0.69825,1.7,16.9,0.154731016606238
387.0,0.1,0.7031,1.68,16.63,0.147111828212418
388.0,0.1,0.7033,1.64,17.04,0.145418740195341
389.0,0.1,0.6955,1.61,16.84,0.147561004333801
390.0,0.1,0.7054,1.57,16.47,0.149207372472006
391.0,0.1,0.7072,1.69,16.37,0.148336307086297
392.0,0.1,0.70485,1.69,15.85,0.150782052977137
393.0,0.1,0.70945,1.71,17.26,0.146037486625866
394.0,0.1,0.696,1.69,16.25,0.149974997916319
395.0,0.1,0.69705,1.62,16.94,0.151921188449801
396.0,0.1,0.70665,1.62,16.59,0.147729575576456
397.0,0.1,0.7028,1.61,16.47,0.149233575310652
398.0,0.1,0.69775,1.65,16.55,0.150836625194281
399.0,0.1,0.71895,1.62,15.97,0.147890660624666
400.0,0.1,0.71805,1.83,16.56,0.151381793819468
401.0,0.1,0.70195,1.82,16.16,0.151376839377759
402.0,0.1,0.70385,1.67,16.49,0.151999761512971
403.0,0.1,0.71255,1.69,16.89,0.144874937446061
404.0,0.1,0.706,1.72,16.9,0.152326950996861
405.0,0.1,0.70285,1.68,16.87,0.152957927221835
406.0,0.1,0.712,1.69,15.9,0.148875787151571
407.0,0.1,0.71015,1.74,16.05,0.148854719441474
408.0,0.1,0.7135,1.75,16.23,0.152596690658743
409.0,0.1,0.70535,1.82,16.13,0.149561450581358
410.0,0.1,0.71965,1.68,17.34,0.149885381208442
411.0,0.1,0.7058,1.85,16.44,0.156084464313397
412.0,0.1,0.7076,1.75,16.02,0.152137240674333
413.0,0.1,0.71105,1.76,15.94,0.151862264898163
414.0,0.1,0.71005,1.73,16.48,0.14742878789436
415.0,0.1,0.7092,1.72,16.64,0.150029530426513
416.0,0.1,0.7142,1.76,16.58,0.153871244877007
417.0,0.1,0.7178,1.81,16.15,0.147282585528636
418.0,0.1,0.71375,1.83,16.67,0.14927889167595
419.0,0.1,0.7114,1.78,16.27,0.150510929835677
420.0,0.1,0.7178,1.77,15.48,0.145921759857808
421.0,0.1,0.71025,1.82,16.95,0.156375149880024
422.0,0.1,0.70625,1.83,16.41,0.147160414174464
423.0,0.1,0.7123,1.75,17.02,0.14700241494615
424.0,0.1,0.72105,1.8,15.55,0.148639320167982
425.0,0.1,0.7149,1.89,15.91,0.149335159959067
426.0,0.1,0.71525,1.8,16.76,0.153180245136244
427.0,0.1,0.71195,1.85,16.1,0.153674810883241
428.0,0.1,0.7111,1.9,16.7,0.153474069471035
429.0,0.1,0.72135,1.82,16.18,0.148982977215519
430.0,0.1,0.70795,1.85,16.95,0.151038231914969
431.0,0.1,0.7275,1.79,16.44,0.147276101252036
432.0,0.1,0.71535,1.89,16.1,0.149161414246447
433.0,0.1,0.71805,1.82,15.88,0.15037602036229
434.0,0.1,0.7226,1.86,16.23,0.146204445896833
435.0,0.1,0.72345,1.87,16.35,0.15421202125645
436.0,0.1,0.7098,1.93,16.32,0.151604617343932
437.0,0.1,0.7232,1.76,16.53,0.147561038218088
438.0,0.1,0.72355,1.9,16.28,0.147846702702495
439.0,0.1,0.72635,1.89,15.84,0.15383571594399
440.0,0.1,0.71895,1.95,15.27,0.152940012750097
441.0,0.1,0.71905,1.94,15.71,0.148554190449142
442.0,0.1,0.733,1.83,15.73,0.145383974357561
443.0,0.1,0.72725,1.97,15.7,0.15018218103357
444.0,0.1,0.73175,1.93,15.83,0.150931068703564
445.0,0.1,0.72745,2.0,16.06,0.157453953586438
446.0,0.1,0.71595,2.05,16.28,0.151703155866976
447.0,0.1,0.73135,1.86,15.78,0.148325410837118
448.0,0.1,0.72325,1.96,16.49,0.150788552284316
449.0,0.1,0.7264,1.94,15.48,0.153279287576632
450.0,0.1,0.7205,2.03,15.62,0.154078713649875
451.0,0.1,0.72395,1.93,16.05,0.151420432901244
452.0,0.1,0.72335,1.95,15.42,0.151215169543271
453.0,0.1,0.722,1.92,16.21,0.151553620873934
454.0,0.1,0.73785,1.94,15.55,0.149394201694711
455.0,0.1,0.7347,2.08,16.13,0.15000803311823
456.0,0.1,0.7297,2.01,15.7,0.152049038142305
457.0,0.1,0.72425,2.0,15.9,0.150165533662023
458.0,0.1,0.72665,2.0,16.3,0.14590074537164
459.0,0.1,0.72465,2.0,15.57,0.156600215517093
460.0,0.1,0.7307,1.98,15.58,0.150590537551334
461.0,0.1,0.72785,2.01,15.42,0.145748507711057
462.0,0.1,0.729,1.94,15.49,0.155143481977168
463.0,0.1,0.7274,2.02,15.15,0.156156139808847
464.0,0.1,0.73595,2.07,15.56,0.144780342242999
465.0,0.1,0.73165,2.06,15.84,0.14809465722976
466.0,0.1,0.7287,2.02,16.22,0.14714723918579
467.0,0.1,0.7298,2.02,16.45,0.148685776051376
468.0,0.1,0.73115,2.06,15.33,0.147164627203686
469.0,0.1,0.72455,2.04,15.87,0.155423767487473
470.0,0.1,0.7337,1.97,15.73,0.152211399047509
471.0,0.1,0.7329,2.11,15.74,0.147553685145441
472.0,0.1,0.7312,2.01,15.59,0.146717619937075
473.0,0.1,0.73645,2.01,15.19,0.150396633938397
474.0,0.1,0.73205,2.07,15.58,0.154843622729514
475.0,0.1,0.73985,2.11,15.38,0.147715021240225
476.0,0.1,0.72485,2.14,15.99,0.155866056279101
477.0,0.1,0.7321,2.1,15.93,0.148239974365891
478.0,0.1,0.74185,2.03,15.24,0.149959419510746
479.0,0.1,0.74155,2.15,15.8,0.150242628770931
480.0,0.1,0.73915,2.2,15.92,0.155159683874387
481.0,0.1,0.73155,2.18,15.81,0.157306539914906
482.0,0.1,0.73505,2.13,15.83,0.1517621411947
483.0,0.1,0.73415,2.12,15.41,0.161472993097917
484.0,0.1,0.7421,2.2,15.92,0.151950946031935
485.0,0.1,0.73385,2.21,15.62,0.152307017238209
486.0,0.1,0.747,2.13,15.51,0.149288311665716
487.0,0.1,0.73825,2.23,15.23,0.152784775092284
488.0,0.1,0.7427,2.22,15.41,0.147406614505592
489.0,0.1,0.73405,2.15,15.81,0.150310836269379
490.0,0.1,0.7381,2.16,16.02,0.155056086626743
491.0,0.1,0.7306,2.14,15.83,0.153808777382827
492.0,0.1,0.7352,2.12,16.16,0.158979432632023
493.0,0.1,0.74875,2.14,15.58,0.149082820941918
494.0,0.1,0.74045,2.25,15.22,0.152092233529526
495.0,0.1,0.7367,2.25,15.29,0.146806369071645
496.0,0.1,0.73685,2.16,15.25,0.147527378814917
497.0,0.1,0.7356,2.13,15.44,0.154893963730031
498.0,0.1,0.73475,2.15,16.02,0.154255267333081
499.0,0.1,0.7359,2.23,15.85,0.157891386718845
500.0,0.1,0.74055,2.17,14.96,0.152626824313421
501.0,0.1,0.74915,2.23,15.9,0.142825164099328
502.0,0.1,0.7424,2.24,15.39,0.149054486681884
503.0,0.1,0.75175,2.24,16.36,0.148955320482352
504.0,0.1,0.73935,2.32,15.77,0.15063972749577
505.0,0.1,0.74675,2.19,14.76,0.152570270695178
506.0,0.1,0.7429,2.26,15.93,0.154806621305421
507.0,0.1,0.74785,2.26,15.8,0.149973756037515
508.0,0.1,0.74735,2.27,15.56,0.149969088481594
509.0,0.1,0.7396,2.35,15.16,0.156846549212918
510.0,0.1,0.75275,2.22,15.92,0.151359464520723
511.0,0.1,0.75115,2.37,15.42,0.149130571983078
512.0,0.1,0.7398,2.27,15.71,0.159205715977788
513.0,0.1,0.74965,2.3,15.49,0.147163607933483
514.0,0.1,0.7473,2.3,15.03,0.149570083907177
515.0,0.1,0.74625,2.29,15.08,0.148941893032149
516.0,0.1,0.7535,2.26,15.43,0.151511550714789
517.0,0.1,0.7451,2.37,15.45,0.157905003087299
518.0,0.1,0.74655,2.37,16.28,0.152605201418562
519.0,0.1,0.75655,2.29,15.63,0.147425735541661
520.0,0.1,0.7465,2.42,15.38,0.153167392091137
521.0,0.1,0.75015,2.34,16.04,0.155952645056119
522.0,0.1,0.7399,2.36,15.35,0.160774655962935
523.0,0.1,0.75075,2.29,15.0,0.151399100063375
524.0,0.1,0.75295,2.39,15.59,0.151832300581925
525.0,0.1,0.75135,2.35,15.48,0.149731184126754
526.0,0.1,0.7535,2.36,15.44,0.152696594592021
527.0,0.1,0.74295,2.43,15.77,0.14875667211927
528.0,0.1,0.74325,2.23,15.59,0.154739094930789
529.0,0.1,0.74485,2.3,14.92,0.15428456662933
530.0,0.1,0.75155,2.31,15.44,0.154031969084343
531.0,0.1,0.7565,2.43,15.2,0.151313416457365
532.0,0.1,0.755,2.48,15.77,0.149701369399214
533.0,0.1,0.7512,2.43,15.92,0.152993659999361
534.0,0.1,0.75575,2.43,15.61,0.152453886470631
535.0,0.1,0.7589,2.46,15.4,0.151742512171112
536.0,0.1,0.75775,2.44,15.04,0.150461581475139
537.0,0.1,0.75605,2.48,16.01,0.150652406220412
538.0,0.1,0.76,2.42,15.72,0.150261438832456
539.0,0.1,0.7574,2.48,15.88,0.144202080428821
540.0,0.1,0.77165,2.49,15.78,0.148055825619933
541.0,0.1,0.76035,2.56,15.66,0.150378281344083
542.0,0.1,0.756,2.42,15.7,0.153793692978614
543.0,0.1,0.7505,2.42,15.1,0.151239049190347
544.0,0.1,0.7547,2.35,15.21,0.155523020803995
545.0,0.1,0.7558,2.48,15.26,0.157374902700526
546.0,0.1,0.7541,2.54,15.41,0.153844694416155
547.0,0.1,0.76635,2.45,15.61,0.150885478095143
548.0,0.1,0.7581,2.55,15.08,0.151718126800986
549.0,0.1,0.76055,2.51,14.85,0.154518437411203
550.0,0.1,0.77445,2.53,15.44,0.146292335752765
551.0,0.1,0.76175,2.59,15.15,0.151402402556895
552.0,0.1,0.75235,2.57,15.66,0.154333170446278
553.0,0.1,0.7605,2.48,15.64,0.153394100277684
554.0,0.1,0.76665,2.56,15.75,0.147190446361168
555.0,0.1,0.7561,2.61,15.3,0.150719242301705
556.0,0.1,0.7654,2.45,15.08,0.153859806317309
557.0,0.1,0.7699,2.64,15.58,0.149631179905794
558.0,0.1,0.75975,2.66,15.73,0.150886339673279
559.0,0.1,0.76075,2.52,15.56,0.146959815936194
560.0,0.1,0.76015,2.56,15.56,0.156768069133992
561.0,0.1,0.7664,2.6,15.66,0.148280275154857
562.0,0.1,0.7689,2.55,15.53,0.149269186371467
563.0,0.1,0.76485,2.63,15.61,0.149618606797416
564.0,0.1,0.76185,2.61,14.83,0.151801935099655
565.0,0.1,0.76705,2.63,15.9,0.149251624781776
566.0,0.1,0.76475,2.66,15.37,0.151012209771263
567.0,0.1,0.77095,2.63,15.53,0.148913892904591
568.0,0.1,0.77175,2.7,15.59,0.148674770892711
569.0,0.1,0.7756,2.67,15.15,0.147631771648246
570.0,0.1,0.76655,2.72,15.54,0.148512112300647
571.0,0.1,0.76855,2.59,15.07,0.153328560614126
572.0,0.1,0.7689,2.68,14.96,0.148528751425439
573.0,0.1,0.7658,2.64,15.09,0.151282384962691
574.0,0.1,0.76905,2.6,15.08,0.148343680350731
575.0,0.1,0.7656,2.63,15.79,0.152347103681035
576.0,0.1,0.77215,2.59,14.65,0.151768334971429
577.0,0.1,0.7722,2.75,15.78,0.149168227179919
578.0,0.1,0.76595,2.78,15.34,0.153851706197884
579.0,0.1,0.7672,2.67,15.54,0.156798150499297
580.0,0.1,0.7645,2.73,15.48,0.151706130396896
581.0,0.1,0.7582,2.62,16.43,0.155223258566492
582.0,0.1,0.76425,2.61,15.32,0.152524383296574
583.0,0.1,0.7782,2.63,15.96,0.144641833506079
584.0,0.1,0.7721,2.77,15.13,0.151208762973579
585.0,0.1,0.7685,2.73,15.2,0.153908251890534
586.0,0.1,0.76855,2.68,16.18,0.153699861743594
587.0,0.1,0.7694,2.72,15.61,0.156154218642981
588.0,0.1,0.77825,2.71,14.78,0.152319360227123
589.0,0.1,0.77345,2.82,15.26,0.146626557962738
590.0,0.1,0.7787,2.75,15.21,0.14488378101085
591.0,0.1,0.76665,2.78,15.4,0.152016536929375
592.0,0.1,0.77455,2.73,16.05,0.153866979888474
593.0,0.1,0.7695,2.78,15.16,0.154550153671874
594.0,0.1,0.7704,2.77,15.85,0.146155191491783
595.0,0.1,0.77445,2.78,15.6,0.149682822995827
596.0,0.1,0.77075,2.77,14.64,0.155907624893717
597.0,0.1,0.773,2.83,15.04,0.150761400895587
598.0,0.1,0.77745,2.72,15.09,0.15196791602177
599.0,0.1,0.77885,2.89,15.16,0.145437022453019
600.0,0.1,0.7664,2.83,15.3,0.156520094556578
601.0,0.1,0.77875,2.71,15.39,0.147258913142804
602.0,0.1,0.7837,2.84,15.33,0.146803644368932
603.0,0.1,0.7744,2.91,14.82,0.151618402576996
604.0,0.1,0.7774,2.82,15.04,0.144579528288067
605.0,0.1,0.7851,2.8,14.92,0.142737486316664
606.0,0.1,0.77795,2.89,15.53,0.147417934797636
607.0,0.1,0.77365,2.81,15.59,0.154110114852984
608.0,0.1,0.7828,2.8,15.99,0.153312295658241
609.0,0.1,0.77965,3.01,15.77,0.148401912049676
610.0,0.1,0.78425,2.86,15.01,0.144264297385043
611.0,0.1,0.7806,2.91,15.27,0.140414173073803
612.0,0.1,0.77765,2.83,15.84,0.150909666688387
613.0,0.1,0.7774,2.94,15.07,0.142995594337728
614.0,0.1,0.77725,2.87,15.62,0.154339520214364
615.0,0.1,0.7784,2.9,15.51,0.156227206337437
616.0,0.1,0.7844,2.9,15.68,0.148420483761508
617.0,0.1,0.77765,2.93,15.26,0.149361064203493
618.0,0.1,0.7813,2.88,15.62,0.14840926520942
619.0,0.1,0.7801,2.94,15.74,0.144055510134114
620.0,0.1,0.77915,2.82,15.32,0.1502215946527
621.0,0.1,0.7782,2.93,15.45,0.14882795436342
622.0,0.1,0.7807,2.85,15.99,0.15527720373577
623.0,0.1,0.7846,2.99,15.14,0.146001164378919
624.0,0.1,0.78815,3.01,15.62,0.144380841873151
625.0,0.1,0.77875,2.98,14.98,0.150463243019682
626.0,0.1,0.7871,2.88,15.22,0.139791237207488
627.0,0.1,0.78485,2.92,15.76,0.149294097338106
628.0,0.1,0.78415,2.99,15.35,0.148239763558905
629.0,0.1,0.77935,2.98,15.58,0.155707506241671
630.0,0.1,0.78585,2.96,15.84,0.150261530339605
631.0,0.1,0.7884,2.98,15.9,0.150842434347898
632.0,0.1,0.7852,3.02,15.53,0.145667292142059
633.0,0.1,0.7867,2.99,16.2,0.152337158959986
634.0,0.1,0.7838,3.0,15.32,0.151543921026216
635.0,0.1,0.79115,3.0,15.15,0.141546555945385
636.0,0.1,0.79095,3.02,15.92,0.145343893920591
637.0,0.1,0.7925,3.03,15.11,0.145652840686339
638.0,0.1,0.78325,3.11,15.79,0.15423743871058
639.0,0.1,0.79025,3.09,15.07,0.142895722469219
640.0,0.1,0.78615,3.1,15.99,0.152911502183453
641.0,0.1,0.78695,3.0,15.9,0.151799036558208
642.0,0.1,0.78155,3.1,15.37,0.152757479358623
643.0,0.1,0.78935,3.01,15.27,0.14459193442236
644.0,0.1,0.7868,3.03,16.1,0.150435235234302
645.0,0.1,0.79125,3.1,15.45,0.146523675561324
646.0,0.1,0.78865,3.15,15.64,0.144479851536469
647.0,0.1,0.78825,3.05,15.41,0.14453784106593
648.0,0.1,0.80075,3.0,15.36,0.136050312384793
649.0,0.1,0.78645,3.14,15.69,0.148815817371676
650.0,0.1,0.7917,3.04,15.48,0.1455647965684
651.0,0.1,0.79445,3.09,14.95,0.141858899967538
652.0,0.1,0.802,3.18,16.15,0.139312598138144
653.0,0.1,0.79365,3.2,15.76,0.148119639143498
654.0,0.1,0.7897,3.11,15.72,0.145799211246152
655.0,0.1,0.78845,3.05,16.19,0.147496940646238
656.0,0.1,0.79265,3.09,15.93,0.147630374584636
657.0,0.1,0.78645,3.22,15.47,0.149935477789615
658.0,0.1,0.78625,3.1,16.06,0.152030219035559
659.0,0.1,0.7978,3.09,15.96,0.14096864899686
660.0,0.1,0.79215,3.16,15.84,0.146012422416724
661.0,0.1,0.7976,3.11,15.81,0.143952214293494
662.0,0.1,0.7975,3.21,15.51,0.145512026994335
663.0,0.1,0.79855,3.22,16.14,0.132970476046376
664.0,0.1,0.79775,3.13,15.63,0.142741681018545
665.0,0.1,0.79405,3.1,15.26,0.146735638138797
666.0,0.1,0.8024,3.12,15.51,0.139033233437189
667.0,0.1,0.79045,3.19,15.51,0.147753333295733
668.0,0.1,0.79155,3.1,15.23,0.152065273813583
669.0,0.1,0.7941,3.17,16.02,0.141291153297014
670.0,0.1,0.79345,3.15,15.63,0.148861840308388
671.0,0.1,0.79265,3.2,15.67,0.150765471842859
672.0,0.1,0.79615,3.19,15.99,0.144514454294372
673.0,0.1,0.8003,3.25,15.58,0.145843786292046
674.0,0.1,0.79585,3.35,15.54,0.145935011220749
675.0,0.1,0.8026,3.19,15.47,0.141722404721342
676.0,0.1,0.79765,3.29,15.84,0.149170129382528
677.0,0.1,0.80395,3.23,15.7,0.143619801907676
678.0,0.1,0.7972,3.33,15.78,0.145830929503998
679.0,0.1,0.80495,3.2,15.97,0.136843880023916
680.0,0.1,0.80645,3.23,15.76,0.135967450148924
681.0,0.1,0.8093,3.34,15.57,0.133382944936749
682.0,0.1,0.80085,3.35,15.52,0.144786144019379
683.0,0.1,0.8077,3.24,15.89,0.140818003110398
684.0,0.1,0.8027,3.42,16.74,0.140748747774181
685.0,0.1,0.8111,3.28,16.24,0.13209576071926
686.0,0.1,0.8028,3.39,15.78,0.144568876318522
687.0,0.1,0.7972,3.38,15.87,0.151316423431166
688.0,0.1,0.79665,3.32,16.28,0.150633752857717
689.0,0.1,0.8013,3.35,15.88,0.138078999127312
690.0,0.1,0.80915,3.26,15.9,0.138890343436828
691.0,0.1,0.8092,3.49,16.47,0.129987922515901
692.0,0.1,0.8087,3.34,15.73,0.13745839370515
693.0,0.1,0.8051,3.36,15.94,0.141338211393805
694.0,0.1,0.80385,3.39,15.75,0.139570510853833
695.0,0.1,0.8045,3.34,15.78,0.132590535107149
696.0,0.1,0.8039,3.28,16.12,0.142608870691833
697.0,0.1,0.80555,3.36,15.78,0.142905379534851
698.0,0.1,0.806,3.4,16.26,0.139463256809814
699.0,0.1,0.8019,3.42,15.92,0.14386413729627
700.0,0.1,0.8031,3.37,16.1,0.141114811412551
701.0,0.1,0.80375,3.31,16.18,0.138593605552349
702.0,0.1,0.80235,3.35,16.22,0.142927350426712
703.0,0.1,0.80645,3.35,16.34,0.141501404586668
704.0,0.1,0.8063,3.44,16.36,0.135697494449972
705.0,0.1,0.80895,3.31,16.41,0.141637380306189
706.0,0.1,0.8099,3.43,16.26,0.131726952443302
707.0,0.1,0.80585,3.42,16.26,0.139604897836717
708.0,0.1,0.8111,3.43,16.0,0.132228174002366
709.0,0.1,0.8156,3.41,15.46,0.134583208462274
710.0,0.1,0.81185,3.52,15.97,0.132239659331079
711.0,0.1,0.7953,3.47,16.25,0.150276112539552
712.0,0.1,0.8135,3.27,16.5,0.136840235311111
713.0,0.1,0.81185,3.45,16.35,0.137672900383481
714.0,0.1,0.81185,3.49,15.81,0.13565149280417
715.0,0.1,0.808,3.46,16.36,0.137671710964889
716.0,0.1,0.8014,3.46,16.14,0.146157586186965
717.0,0.1,0.81175,3.35,16.2,0.14031994690706
718.0,0.1,0.81225,3.51,16.27,0.133090899388351
719.0,0.1,0.8095,3.55,16.14,0.138628099604662
720.0,0.1,0.8136,3.47,15.8,0.13363023609947
721.0,0.1,0.80805,3.55,16.81,0.139710226898391
722.0,0.1,0.81235,3.51,16.32,0.135123008773488
723.0,0.1,0.8084,3.53,16.56,0.1436591103968
724.0,0.1,0.81655,3.63,16.17,0.136386757055075
725.0,0.1,0.81425,3.6,16.03,0.136540058224684
726.0,0.1,0.81065,3.56,16.5,0.139272493694914
727.0,0.1,0.8156,3.53,17.27,0.137186515372321
728.0,0.1,0.811,3.57,16.7,0.136554018615346
729.0,0.1,0.81175,3.54,16.58,0.135233825280512
730.0,0.1,0.81335,3.51,16.36,0.134547491615415
731.0,0.1,0.8105,3.56,16.86,0.137387226480485
732.0,0.1,0.8125,3.5,16.93,0.137912109693094
733.0,0.1,0.81395,3.5,16.57,0.136843514643552
734.0,0.1,0.813,3.52,16.23,0.13944891537764
735.0,0.1,0.8087,3.58,16.46,0.13842980170469
736.0,0.1,0.82325,3.52,16.65,0.124584057968907
737.0,0.1,0.8111,3.64,16.46,0.142166416568752
738.0,0.1,0.81665,3.55,16.51,0.135528696223346
739.0,0.1,0.8165,3.64,16.7,0.132254489526821
740.0,0.1,0.81775,3.66,16.68,0.132575214501052
741.0,0.1,0.8195,3.57,16.89,0.126979329026421
742.0,0.1,0.8058,3.65,16.53,0.142245773223671
743.0,0.1,0.81995,3.54,16.33,0.139861529735664
744.0,0.1,0.8204,3.7,17.17,0.13727104574527
745.0,0.1,0.8143,3.68,17.14,0.134712694279344
746.0,0.1,0.8161,3.63,16.47,0.137021129757421
747.0,0.1,0.8175,3.59,16.84,0.13513419256428
748.0,0.1,0.8143,3.63,16.66,0.133617027358043
749.0,0.1,0.82435,3.61,16.79,0.126847654688606
750.0,0.1,0.81645,3.69,16.52,0.13763592372633
751.0,0.1,0.8211,3.69,16.86,0.135818960384772
752.0,0.1,0.81885,3.72,16.07,0.128469558651067
753.0,0.1,0.8228,3.7,16.71,0.131202743873748
754.0,0.1,0.8162,3.68,16.89,0.138832849138811
755.0,0.1,0.824,3.64,16.59,0.128475678632182
756.0,0.1,0.82135,3.74,16.87,0.129993951782381
757.0,0.1,0.81935,3.7,17.26,0.134237951042169
758.0,0.1,0.8219,3.69,16.7,0.132689072647299
759.0,0.1,0.8234,3.76,16.93,0.129620368769727
760.0,0.1,0.8176,3.76,17.22,0.136521939628764
761.0,0.1,0.8121,3.69,17.08,0.139409791621679
762.0,0.1,0.82405,3.59,17.29,0.12755723225282
763.0,0.1,0.81575,3.76,17.03,0.138530456939981
764.0,0.1,0.8233,3.65,17.53,0.134345115281502
765.0,0.1,0.81975,3.68,17.02,0.132539380940157
766.0,0.1,0.8282,3.67,17.02,0.126867095812902
767.0,0.1,0.8217,3.86,16.82,0.131670459860973
768.0,0.1,0.82525,3.8,17.4,0.126941669675485
769.0,0.1,0.8252,3.83,16.87,0.131123834599207
770.0,0.1,0.82475,3.79,16.92,0.132377065611835
771.0,0.1,0.82375,3.79,16.79,0.130515085334991
772.0,0.1,0.81845,3.77,16.26,0.141185507400725
773.0,0.1,0.82625,3.77,17.08,0.128275825859747
774.0,0.1,0.82195,3.8,17.62,0.133095632911076
775.0,0.1,0.8242,3.8,17.61,0.13493279808853
776.0,0.1,0.82475,3.9,17.33,0.134198314072868
777.0,0.1,0.8296,3.84,16.86,0.130632461509382
778.0,0.1,0.82565,3.9,17.58,0.127231393531628
779.0,0.1,0.81995,3.81,17.54,0.134915705164373
780.0,0.1,0.82795,3.84,17.26,0.132597313321198
781.0,0.1,0.8241,3.97,17.99,0.133310502211941
782.0,0.1,0.82795,3.83,17.3,0.133590970877526
783.0,0.1,0.81795,3.84,17.68,0.140577549772358
784.0,0.1,0.8307,3.83,16.9,0.129813366029852
785.0,0.1,0.82355,3.91,17.25,0.136048327810378
786.0,0.1,0.8178,3.84,17.25,0.135857130839717
787.0,0.1,0.82015,3.77,17.29,0.140963567988328
788.0,0.1,0.8247,3.84,17.59,0.132775788455576
789.0,0.1,0.82185,3.8,17.71,0.132841362158027
790.0,0.1,0.83105,3.79,17.28,0.124465447012413
791.0,0.1,0.8266,3.92,17.9,0.12537120881606
792.0,0.1,0.8311,3.84,17.36,0.129617861423494
793.0,0.1,0.8319,3.92,17.49,0.128956930794743
794.0,0.1,0.83235,3.99,17.74,0.130352320654448
795.0,0.1,0.82635,3.99,18.01,0.132241927920006
796.0,0.1,0.82385,3.95,18.07,0.136948630880341
797.0,0.1,0.82975,3.94,17.63,0.123067816670322
798.0,0.1,0.8298,3.91,17.4,0.129212847658427
799.0,0.1,0.8277,4.06,17.75,0.129494053917544
800.0,0.1,0.82985,3.92,17.82,0.126803893867657
801.0,0.1,0.82075,3.99,17.53,0.139855952679891
802.0,0.1,0.8299,3.89,17.88,0.12530359132922
803.0,0.1,0.82905,3.96,18.3,0.1288462164753
804.0,0.1,0.8308,4.0,18.05,0.126409493314387
805.0,0.1,0.8329,3.99,17.65,0.129933021207082
806.0,0.1,0.83145,4.06,17.65,0.132476969696624
807.0,0.1,0.82725,4.0,18.01,0.131008348970591
808.0,0.1,0.83705,3.91,17.71,0.122307184989273
809.0,0.1,0.83055,4.05,18.11,0.128990106209739
810.0,0.1,0.8295,3.97,18.08,0.131526613276554
811.0,0.1,0.83575,3.91,16.96,0.125736579800788
812.0,0.1,0.8332,4.07,17.5,0.132522677304679
813.0,0.1,0.83,4.11,17.63,0.128804114841103
814.0,0.1,0.84095,3.92,18.02,0.121048946711651
815.0,0.1,0.8322,4.15,17.94,0.125130571804016
816.0,0.1,0.8366,3.99,18.58,0.125109711853237
817.0,0.1,0.83845,4.09,18.35,0.121909177259138
818.0,0.1,0.83335,4.11,18.49,0.129715178371693
819.0,0.1,0.8336,4.03,18.11,0.130050144175237
820.0,0.1,0.8374,4.15,18.25,0.121949743747169
821.0,0.1,0.8294,4.11,18.45,0.12867649357983
822.0,0.1,0.83725,4.07,18.61,0.12570476323513
823.0,0.1,0.83975,4.14,17.54,0.117994438428258
824.0,0.1,0.83545,4.11,18.24,0.127381503759376
825.0,0.1,0.8307,4.11,17.6,0.128852667803194
826.0,0.1,0.8436,3.99,18.16,0.11911146040579
827.0,0.1,0.83305,4.2,17.31,0.128222258208159
828.0,0.1,0.83175,4.08,18.17,0.13060316803202
829.0,0.1,0.83255,4.07,18.33,0.130706723239473
830.0,0.1,0.83205,4.04,18.41,0.130115515984836
831.0,0.1,0.83035,4.13,18.97,0.132885768613498
832.0,0.1,0.84435,4.05,18.47,0.117253262214746
833.0,0.1,0.83775,4.18,18.76,0.125184613671169
834.0,0.1,0.8321,4.13,18.14,0.129091401727613
835.0,0.1,0.8428,4.08,18.03,0.111495112000481
836.0,0.1,0.834,4.17,18.4,0.127828009450198
837.0,0.1,0.8409,4.09,18.13,0.119591763930465
838.0,0.1,0.84225,4.2,18.39,0.11846175543187
839.0,0.1,0.832,4.23,18.77,0.131064869434948
840.0,0.1,0.83745,4.11,18.58,0.129581046067702
841.0,0.1,0.8376,4.14,18.22,0.120452231195607
842.0,0.1,0.84405,4.12,18.88,0.113902798473084
843.0,0.1,0.8419,4.17,18.46,0.123979393449073
844.0,0.1,0.83575,4.27,18.88,0.129900683216063
845.0,0.1,0.83535,4.16,18.24,0.125483574622339
846.0,0.1,0.83965,4.19,19.06,0.123495455381969
847.0,0.1,0.8349,4.29,18.54,0.127947215678967
848.0,0.1,0.84175,4.15,18.25,0.118396315398749
849.0,0.1,0.8366,4.27,18.18,0.127839508760007
850.0,0.1,0.84185,4.28,18.77,0.121948052464974
851.0,0.1,0.8345,4.25,18.47,0.127772258334898
852.0,0.1,0.83825,4.19,18.91,0.126716958217911
853.0,0.1,0.83995,4.23,18.29,0.126286370998615
854.0,0.1,0.84005,4.26,18.96,0.125635375193454
855.0,0.1,0.84155,4.22,18.58,0.123261297656645
856.0,0.1,0.83455,4.22,18.44,0.129634283659841
857.0,0.1,0.83685,4.16,18.95,0.130957349927371
858.0,0.1,0.8441,4.32,18.79,0.122715891391458
859.0,0.1,0.8381,4.31,19.11,0.12638785542923
860.0,0.1,0.8426,4.23,19.05,0.122899308378851
861.0,0.1,0.8441,4.28,19.19,0.126357389969879
862.0,0.1,0.84935,4.33,19.14,0.107066930001751
863.0,0.1,0.8418,4.3,18.66,0.12405144094286
864.0,0.1,0.84415,4.32,18.89,0.117930180615481
865.0,0.1,0.84515,4.31,19.18,0.120441801298387
866.0,0.1,0.84675,4.31,19.02,0.123278901276739
867.0,0.1,0.8408,4.4,18.92,0.126066887008445
868.0,0.1,0.8468,4.33,19.2,0.11572061182002
869.0,0.1,0.8383,4.32,18.93,0.132556063610836
870.0,0.1,0.84075,4.31,18.53,0.125016748877901
871.0,0.1,0.853,4.31,19.25,0.108254330167435
872.0,0.1,0.8425,4.36,19.43,0.125848122751196
873.0,0.1,0.84455,4.39,18.97,0.122071894799745
874.0,0.1,0.8442,4.35,18.97,0.119471168069957
875.0,0.1,0.84285,4.33,19.06,0.120241953992773
876.0,0.1,0.84295,4.34,19.29,0.123527517177348
877.0,0.1,0.8439,4.31,19.04,0.12395479014544
878.0,0.1,0.8467,4.38,19.33,0.119566341417641
879.0,0.1,0.8472,4.35,19.57,0.115875622975672
880.0,0.1,0.84665,4.34,18.93,0.122896409630225
881.0,0.1,0.849,4.44,19.6,0.115238882327103
882.0,0.1,0.85055,4.43,18.81,0.112169280553991
883.0,0.1,0.8506,4.45,19.71,0.115013651363653
884.0,0.1,0.8546,4.46,19.23,0.105973298523733
885.0,0.1,0.8543,4.48,19.69,0.111144095659643
886.0,0.1,0.84315,4.44,19.36,0.123415264452985
887.0,0.1,0.84605,4.34,19.69,0.12548564658956
888.0,0.1,0.8486,4.38,19.19,0.114173289345625
889.0,0.1,0.8522,4.39,19.65,0.116396563523156
890.0,0.1,0.84455,4.44,19.63,0.123207335414739
891.0,0.1,0.84615,4.37,19.82,0.114906168241745
892.0,0.1,0.8495,4.37,19.62,0.115265996720629
893.0,0.1,0.84875,4.46,19.71,0.115931822637272
894.0,0.1,0.84615,4.48,20.11,0.122948881654125
895.0,0.1,0.8512,4.56,20.14,0.114455493533513
896.0,0.1,0.84955,4.41,19.53,0.11111726913491
897.0,0.1,0.85085,4.41,19.52,0.108360636303042
898.0,0.1,0.85025,4.47,19.82,0.117973249086392
899.0,0.1,0.85165,4.49,19.48,0.118163139345567
900.0,0.1,0.8526,4.55,19.41,0.112054629533991
901.0,0.1,0.85215,4.54,19.66,0.11166524750342
902.0,0.1,0.85005,4.48,20.3,0.113438298206559
903.0,0.1,0.8498,4.48,19.96,0.116266762232377
904.0,0.1,0.8534,4.54,20.43,0.108613719207105
905.0,0.1,0.84715,4.54,19.78,0.11595959425593
906.0,0.1,0.8508,4.46,20.17,0.117283246885478
907.0,0.1,0.85355,4.61,20.19,0.10899608937939
908.0,0.1,0.8553,4.56,19.97,0.107382074854232
909.0,0.1,0.86185,4.57,20.56,0.102697748271323
910.0,0.1,0.8561,4.65,19.95,0.112348965282285
911.0,0.1,0.8542,4.62,20.68,0.10622551482577
912.0,0.1,0.84745,4.5,20.63,0.120990691790732
913.0,0.1,0.85915,4.51,20.08,0.103990516394524
914.0,0.1,0.85435,4.57,20.08,0.110796333423087
915.0,0.1,0.8539,4.61,20.53,0.115205425219475
916.0,0.1,0.85245,4.56,19.8,0.110164638155807
917.0,0.1,0.8593,4.52,20.21,0.108323635463365
918.0,0.1,0.84935,4.67,20.16,0.1205894999575
919.0,0.1,0.8542,4.55,19.86,0.117700297365809
920.0,0.1,0.8564,4.58,19.89,0.110512623713311
921.0,0.1,0.85645,4.58,20.48,0.112326076669668
922.0,0.1,0.85935,4.64,20.42,0.109796755416542
923.0,0.1,0.8565,4.68,20.34,0.110361904659171
924.0,0.1,0.8582,4.57,20.12,0.107236933936029
925.0,0.1,0.85535,4.6,20.49,0.112938600575712
926.0,0.1,0.8584,4.66,20.1,0.111235965406877
927.0,0.1,0.8567,4.71,20.52,0.106759589733194
928.0,0.1,0.8589,4.68,21.06,0.104051862068874
929.0,0.1,0.8479,4.63,20.66,0.124402934049
930.0,0.1,0.85565,4.64,20.16,0.110482249705552
931.0,0.1,0.8622,4.6,20.92,0.106132747067058
932.0,0.1,0.8561,4.69,20.11,0.110525065030517
933.0,0.1,0.85995,4.65,20.73,0.107755498699603
934.0,0.1,0.85885,4.67,20.53,0.110287929983294
935.0,0.1,0.85955,4.66,19.78,0.106484963727279
936.0,0.1,0.8605,4.74,20.77,0.107678920871265
937.0,0.1,0.86225,4.74,20.57,0.103381272482012
938.0,0.1,0.85595,4.72,20.71,0.107742041469429
939.0,0.1,0.86455,4.61,20.54,0.103585942579098
940.0,0.1,0.8574,4.72,20.82,0.113180121929604
941.0,0.1,0.85975,4.72,21.05,0.109971303074939
942.0,0.1,0.8642,4.7,20.6,0.0995181390501249
943.0,0.1,0.86385,4.7,21.07,0.0991207722931984
944.0,0.1,0.8643,4.72,20.66,0.101378054824503
945.0,0.1,0.86065,4.75,20.91,0.103500374395457
946.0,0.1,0.8606,4.75,21.32,0.105844886508512
947.0,0.1,0.85985,4.75,21.06,0.107660241036327
948.0,0.1,0.86235,4.74,21.48,0.102091760196405
949.0,0.1,0.8653,4.73,20.79,0.102227246857186
950.0,0.1,0.8601,4.86,21.53,0.108468843452854
951.0,0.1,0.8569,4.79,21.4,0.113641497702204
952.0,0.1,0.86195,4.75,20.81,0.100304274584884
953.0,0.1,0.86445,4.68,21.07,0.102112425786484
954.0,0.1,0.8663,4.84,21.17,0.0966245827934078
955.0,0.1,0.8632,4.84,21.64,0.10750934843073
956.0,0.1,0.8619,4.86,20.8,0.106751533946824
957.0,0.1,0.8693,4.77,20.86,0.0953861100999503
958.0,0.1,0.8617,4.82,21.67,0.116067264980269
959.0,0.1,0.8648,4.83,21.51,0.102564418781563
960.0,0.1,0.86245,4.85,21.17,0.107820441011897
961.0,0.1,0.86185,4.84,21.44,0.108075563843081
962.0,0.1,0.86355,4.88,21.3,0.0967116719946457
963.0,0.1,0.86845,4.79,20.95,0.0958793382330112
964.0,0.1,0.86255,4.84,21.39,0.103151575363637
965.0,0.1,0.86975,4.8,21.02,0.0930547553862787
966.0,0.1,0.86245,4.84,22.24,0.105317365614603
967.0,0.1,0.8542,4.83,21.84,0.117127537325771
968.0,0.1,0.86645,4.75,21.99,0.100742977422747
969.0,0.1,0.8677,4.88,21.66,0.105499810426371
970.0,0.1,0.87265,4.84,21.47,0.0935479957027402
971.0,0.1,0.8656,4.98,21.44,0.108616941588317
972.0,0.1,0.86345,4.98,21.76,0.102319829456465
973.0,0.1,0.8669,4.81,21.99,0.0991205831298423
974.0,0.1,0.86815,4.84,21.69,0.0959626359579606
975.0,0.1,0.8687,4.86,21.55,0.0998914911291244
976.0,0.1,0.86495,4.94,21.73,0.103272685159242
977.0,0.1,0.8698,4.91,21.35,0.0951233935475393
978.0,0.1,0.86425,4.93,21.36,0.101593245346332
979.0,0.1,0.86865,4.85,21.68,0.0979103033393328
980.0,0.1,0.8643,4.93,21.7,0.110247494302591
981.0,0.1,0.87155,4.97,21.84,0.0943018955270776
982.0,0.1,0.8699,4.99,22.15,0.100391682922443
983.0,0.1,0.86605,4.99,21.27,0.098263154335692
984.0,0.1,0.87275,4.86,22.19,0.0949930918540919
985.0,0.1,0.87135,4.93,22.26,0.0934528089465471
986.0,0.1,0.86305,4.99,21.9,0.108634467366485
987.0,0.1,0.86725,4.95,22.27,0.101161689883078
988.0,0.1,0.8663,4.97,22.18,0.104727312578907
989.0,0.1,0.86875,4.89,22.23,0.0980978465614812
990.0,0.1,0.86735,4.97,22.3,0.104322708457939
991.0,0.1,0.8711,4.97,22.53,0.096027548130732
992.0,0.1,0.871,4.99,21.73,0.0948867746316627
993.0,0.1,0.8691,5.0,22.35,0.0995850892453278
994.0,0.1,0.8694,5.04,21.93,0.0987377334153471
995.0,0.1,0.87035,5.01,22.37,0.0990763720571159
996.0,0.1,0.8741,5.01,22.27,0.0905300502595684
997.0,0.1,0.8753,5.04,22.4,0.0936878327212242
998.0,0.1,0.8723,5.04,21.78,0.0964038899630087
999.0,0.1,0.86845,5.05,23.07,0.0992136457348492
1000.0,0.1,0.86845,4.97,22.76,0.097541516801822
1001.0,0.1,0.85295,5.0,22.55,0.095726420073039
1.0,0.2,0.5414,0.0,0.0,0.0343589871794849
2.0,0.2,0.54095,0.93,819.05,0.0347325135859748
3.0,0.2,0.5388,1.17,761.18,0.0317184488901951
4.0,0.2,0.53325,0.96,709.76,0.0261951808545005
5.0,0.2,0.53235,0.88,659.1,0.0238689652058904
6.0,0.2,0.53015,0.85,618.92,0.0260811713693991
7.0,0.2,0.54005,0.73,577.54,0.0342964648323993
8.0,0.2,0.53425,0.76,534.34,0.0262714198322054
9.0,0.2,0.53675,0.8,503.71,0.0303098581322968
10.0,0.2,0.53525,0.73,469.21,0.02805686190578
11.0,0.2,0.5369,0.56,440.26,0.0333375164041945
12.0,0.2,0.53395,0.71,414.49,0.0268541896172649
13.0,0.2,0.5347,0.7,383.44,0.0305272009853522
14.0,0.2,0.53475,0.5,359.98,0.0281369419091694
15.0,0.2,0.5369,0.51,335.71,0.0342036547754778
16.0,0.2,0.53535,0.46,318.15,0.0299019648183862
17.0,0.2,0.53615,0.4,300.02,0.0321858276264566
18.0,0.2,0.54225,0.53,281.95,0.03755246330136
19.0,0.2,0.537,0.53,266.9,0.0311528489868893
20.0,0.2,0.54525,0.45,251.52,0.040406527937946
21.0,0.2,0.54365,0.57,242.56,0.0442992945767772
22.0,0.2,0.53755,0.55,226.4,0.0442012160466202
23.0,0.2,0.53895,0.41,216.42,0.0319710415845342
24.0,0.2,0.5493,0.42,206.1,0.0491274872143895
25.0,0.2,0.5483,0.55,198.69,0.0489807104889265
26.0,0.2,0.5404,0.55,190.12,0.0400542132615289
27.0,0.2,0.5449,0.54,178.64,0.0482596104418589
28.0,0.2,0.546,0.54,173.92,0.0459075157245513
29.0,0.2,0.54415,0.44,165.16,0.0379213330461884
30.0,0.2,0.54945,0.5,161.44,0.0522632519080088
31.0,0.2,0.5482,0.46,153.94,0.0542195536683949
32.0,0.2,0.54325,0.47,148.15,0.0510704170729001
33.0,0.2,0.5411,0.45,143.93,0.0410522837367174
34.0,0.2,0.5446,0.44,140.3,0.0459765157444541
35.0,0.2,0.54475,0.42,137.16,0.0440021306302309
36.0,0.2,0.5471,0.37,130.75,0.0542686834187083
37.0,0.2,0.54965,0.46,126.29,0.0542736354043092
38.0,0.2,0.5471,0.47,125.47,0.0542732899316045
39.0,0.2,0.54625,0.35,120.48,0.0547739673567651
40.0,0.2,0.54875,0.39,118.74,0.0576817778852217
41.0,0.2,0.54295,0.46,115.66,0.0579486626247747
42.0,0.2,0.55505,0.41,116.31,0.0690416359887275
43.0,0.2,0.5513,0.46,111.05,0.0576958404046597
44.0,0.2,0.55575,0.39,110.29,0.0641808966905254
45.0,0.2,0.55875,0.44,106.39,0.0720498959055461
46.0,0.2,0.5528,0.5,104.11,0.0658685053724468
47.0,0.2,0.54665,0.48,104.9,0.0612211360561043
48.0,0.2,0.5556,0.36,100.31,0.069286650950959
49.0,0.2,0.55755,0.43,98.15,0.0726308990719516
50.0,0.2,0.5645,0.58,99.81,0.0793835625302874
51.0,0.2,0.55035,0.46,98.55,0.0727951062915633
52.0,0.2,0.5546,0.38,96.33,0.0659154003249625
53.0,0.2,0.5545,0.41,95.9,0.0795942837143473
54.0,0.2,0.55535,0.5,93.49,0.0814378750950688
55.0,0.2,0.55325,0.5,92.46,0.0783465857584107
56.0,0.2,0.5537,0.4,92.24,0.0753910472138433
57.0,0.2,0.5514,0.43,90.23,0.0749469145462308
58.0,0.2,0.54805,0.39,89.7,0.0653180488073549
59.0,0.2,0.5598,0.38,89.98,0.079015568086295
60.0,0.2,0.5595,0.46,88.52,0.0880752519156201
61.0,0.2,0.56225,0.5,87.77,0.0882648712682458
62.0,0.2,0.5649,0.49,86.44,0.0796554455137877
63.0,0.2,0.56085,0.48,86.37,0.0798030544528222
64.0,0.2,0.5692,0.5,84.79,0.0837846047910951
65.0,0.2,0.5525,0.52,83.78,0.069124886980016
66.0,0.2,0.55805,0.41,82.21,0.0844952513458594
67.0,0.2,0.5595,0.47,82.51,0.0938602684845937
68.0,0.2,0.56925,0.52,81.19,0.0935825170638188
69.0,0.2,0.57705,0.51,80.82,0.0920219946534524
70.0,0.2,0.57045,0.61,80.95,0.0893451033912886
71.0,0.2,0.5704,0.5,79.19,0.0916370012604081
72.0,0.2,0.56235,0.56,79.33,0.0905357802197559
73.0,0.2,0.566,0.52,79.56,0.089582364335844
74.0,0.2,0.56095,0.57,78.64,0.0851783276426584
75.0,0.2,0.56225,0.49,77.42,0.0871188125492996
76.0,0.2,0.571,0.5,77.13,0.090644911605671
77.0,0.2,0.5716,0.61,77.48,0.0918691460720082
78.0,0.2,0.5701,0.54,75.21,0.0906393402447309
79.0,0.2,0.56995,0.59,76.57,0.100507449972627
80.0,0.2,0.5722,0.56,73.16,0.0967013960602429
81.0,0.2,0.5634,0.61,75.08,0.0937680116031049
82.0,0.2,0.57125,0.56,75.45,0.0919384984650062
83.0,0.2,0.56715,0.57,72.95,0.0923234937597141
84.0,0.2,0.5659,0.52,73.12,0.0873022909206849
85.0,0.2,0.5711,0.57,73.22,0.0969731406112026
86.0,0.2,0.57065,0.57,73.11,0.0963733754726896
87.0,0.2,0.5745,0.62,72.86,0.0960065101959238
88.0,0.2,0.57765,0.59,71.44,0.105480934296204
89.0,0.2,0.5732,0.71,73.42,0.0938896160392614
90.0,0.2,0.56945,0.6,71.98,0.0943951667194885
91.0,0.2,0.5733,0.63,70.05,0.103325263125723
92.0,0.2,0.56505,0.62,70.05,0.0933206702719175
93.0,0.2,0.57415,0.56,69.96,0.0990884831854846
94.0,0.2,0.57535,0.64,69.29,0.10420713747148
95.0,0.2,0.5726,0.6,68.02,0.0939214565474794
96.0,0.2,0.582,0.6,68.7,0.10885081533916
97.0,0.2,0.5871,0.7,66.84,0.109222662483571
98.0,0.2,0.58545,0.67,67.93,0.100970527878188
99.0,0.2,0.58535,0.67,66.45,0.102516474285843
100.0,0.2,0.58995,0.71,66.1,0.110780176475758
101.0,0.2,0.5855,0.71,66.51,0.105835957972704
102.0,0.2,0.58095,0.72,65.55,0.0987919404607483
103.0,0.2,0.58315,0.67,65.49,0.102911746171174
104.0,0.2,0.58865,0.73,64.18,0.106364597023634
105.0,0.2,0.5767,0.73,64.01,0.115640001729506
106.0,0.2,0.5921,0.69,62.35,0.107107842850092
107.0,0.2,0.5812,0.78,64.54,0.103595656279595
108.0,0.2,0.5835,0.67,62.47,0.102434125173206
109.0,0.2,0.58465,0.66,63.63,0.107189680006986
110.0,0.2,0.58345,0.73,62.64,0.111742326358457
111.0,0.2,0.5867,0.76,63.46,0.105259726391436
112.0,0.2,0.58735,0.67,61.75,0.11042068420364
113.0,0.2,0.5933,0.67,62.43,0.114033372308286
114.0,0.2,0.58275,0.83,61.85,0.1071689670567
115.0,0.2,0.5846,0.67,62.39,0.108057114527457
116.0,0.2,0.58175,0.69,60.73,0.111687902209684
117.0,0.2,0.5858,0.72,60.04,0.110083422911899
118.0,0.2,0.58515,0.69,60.59,0.110633301948373
119.0,0.2,0.60195,0.76,60.79,0.112095706875866
120.0,0.2,0.5775,0.81,60.49,0.10746278425576
121.0,0.2,0.5953,0.68,59.79,0.112651719915854
122.0,0.2,0.59405,0.75,59.18,0.115175290318714
123.0,0.2,0.59665,0.76,59.03,0.11608413974355
124.0,0.2,0.5947,0.87,58.05,0.116150376667491
125.0,0.2,0.5987,0.87,59.04,0.114567927449178
126.0,0.2,0.59755,0.89,58.72,0.115387380159183
127.0,0.2,0.5931,0.86,56.73,0.116141680717992
128.0,0.2,0.6008,0.8,58.74,0.111397306969244
129.0,0.2,0.59185,0.96,59.35,0.119045485004682
130.0,0.2,0.59515,0.81,56.36,0.117152582131168
131.0,0.2,0.60315,0.91,56.5,0.11431678573158
132.0,0.2,0.60805,0.89,56.12,0.122302688032602
133.0,0.2,0.5892,0.95,55.72,0.11024001088534
134.0,0.2,0.61615,0.85,57.32,0.130736098687394
135.0,0.2,0.60195,1.03,55.75,0.118334050467311
136.0,0.2,0.60545,0.83,55.89,0.12206165450296
137.0,0.2,0.6114,0.89,54.43,0.125002159981338
138.0,0.2,0.5963,1.04,55.43,0.1233118404696
139.0,0.2,0.60665,0.92,55.08,0.121842223797828
140.0,0.2,0.6089,0.96,55.87,0.122359266097832
141.0,0.2,0.61075,0.94,54.61,0.128178342554427
142.0,0.2,0.61775,1.0,54.48,0.136355005408676
143.0,0.2,0.6004,1.08,52.33,0.11658833560867
144.0,0.2,0.60445,0.9,53.4,0.127064737437261
145.0,0.2,0.61515,0.93,52.98,0.132265745754523
146.0,0.2,0.61925,1.02,52.42,0.131862380912828
147.0,0.2,0.6146,1.09,53.39,0.124422023773928
148.0,0.2,0.60905,1.05,51.5,0.125643732434213
149.0,0.2,0.6166,0.96,52.43,0.129106312781366
150.0,0.2,0.6284,1.03,50.83,0.129294006048231
151.0,0.2,0.6143,1.17,51.83,0.129703546597617
152.0,0.2,0.6152,1.09,50.94,0.135264407735368
153.0,0.2,0.62445,1.0,51.18,0.132657255738237
154.0,0.2,0.62615,1.08,51.18,0.132822917826706
155.0,0.2,0.6264,1.19,50.46,0.132126984374881
156.0,0.2,0.6214,1.19,50.97,0.133049013525092
157.0,0.2,0.6293,1.13,49.16,0.13046076038411
158.0,0.2,0.63975,1.19,49.73,0.129122761355231
159.0,0.2,0.63175,1.27,49.46,0.139848802283037
160.0,0.2,0.6383,1.19,48.65,0.138394761461553
161.0,0.2,0.62545,1.26,49.0,0.134272288652573
162.0,0.2,0.6326,1.19,47.15,0.137305280306331
163.0,0.2,0.6328,1.28,48.28,0.139122823433109
164.0,0.2,0.6374,1.27,49.16,0.142292796725625
165.0,0.2,0.64355,1.34,48.5,0.14191070255622
166.0,0.2,0.63845,1.38,49.36,0.142779016315424
167.0,0.2,0.63775,1.27,47.18,0.146366620170037
168.0,0.2,0.6417,1.3,47.26,0.142905948091743
169.0,0.2,0.6398,1.32,47.99,0.133878527031037
170.0,0.2,0.64065,1.27,47.2,0.141701543746002
171.0,0.2,0.6314,1.37,47.06,0.142462416096317
172.0,0.2,0.6442,1.28,46.62,0.144652549234364
173.0,0.2,0.6443,1.41,46.37,0.145358212702275
174.0,0.2,0.65475,1.43,47.41,0.146550972361155
175.0,0.2,0.65855,1.52,46.65,0.152730637070628
176.0,0.2,0.6553,1.53,44.4,0.141922196995396
177.0,0.2,0.6509,1.42,46.34,0.148280780952894
178.0,0.2,0.65485,1.47,45.0,0.144876594037822
179.0,0.2,0.65505,1.49,45.53,0.148100464212642
180.0,0.2,0.64615,1.51,44.83,0.148116263455436
181.0,0.2,0.65335,1.51,46.56,0.146220817601325
182.0,0.2,0.65695,1.47,44.03,0.150668336089571
183.0,0.2,0.66045,1.66,44.45,0.150366377558283
184.0,0.2,0.65935,1.54,43.39,0.14521304176967
185.0,0.2,0.6633,1.58,44.28,0.149052373345747
186.0,0.2,0.66215,1.6,44.58,0.151422017883794
187.0,0.2,0.6627,1.61,43.96,0.149191856346116
188.0,0.2,0.661,1.68,43.12,0.149050327071094
189.0,0.2,0.67305,1.63,45.09,0.145600300480459
190.0,0.2,0.66495,1.66,44.57,0.144887016326515
191.0,0.2,0.66565,1.61,45.03,0.155757271098335
192.0,0.2,0.66725,1.7,42.92,0.14719268833743
193.0,0.2,0.66035,1.65,44.16,0.151509496402041
194.0,0.2,0.6618,1.64,44.04,0.15234749751801
195.0,0.2,0.6789,1.78,42.75,0.147260958845174
196.0,0.2,0.66675,1.78,41.45,0.151643290323047
197.0,0.2,0.67485,1.77,44.31,0.160669622206564
198.0,0.2,0.67465,1.8,42.57,0.152054685886361
199.0,0.2,0.67975,1.87,42.6,0.150012291163091
200.0,0.2,0.67075,1.83,42.17,0.154496561450409
201.0,0.2,0.6762,1.77,41.49,0.156184378220102
202.0,0.2,0.6751,1.81,41.46,0.158834788380883
203.0,0.2,0.68275,1.84,41.97,0.150667473264802
204.0,0.2,0.6892,1.89,41.65,0.152700229207425
205.0,0.2,0.6787,1.95,41.24,0.155004225748848
206.0,0.2,0.6912,1.88,42.13,0.157981201413333
207.0,0.2,0.68835,1.9,41.96,0.148266744416945
208.0,0.2,0.6873,1.98,40.56,0.16188641079473
209.0,0.2,0.6865,1.99,40.48,0.158125741104982
210.0,0.2,0.69275,2.02,40.71,0.152801137103098
211.0,0.2,0.6966,2.04,40.68,0.145251299477836
212.0,0.2,0.6955,2.03,40.78,0.15814155051725
213.0,0.2,0.68415,2.05,39.68,0.162209825534707
214.0,0.2,0.69835,1.93,40.68,0.153324908283032
215.0,0.2,0.68885,2.06,40.32,0.163079512815068
216.0,0.2,0.68985,2.02,40.46,0.151709352051876
217.0,0.2,0.69685,1.97,41.3,0.153966968860207
218.0,0.2,0.7056,2.07,41.14,0.156461305120468
219.0,0.2,0.6938,2.14,41.19,0.158526212343575
220.0,0.2,0.6945,2.01,38.99,0.161568097098406
221.0,0.2,0.6865,2.08,40.66,0.160773909574906
222.0,0.2,0.70145,2.02,39.39,0.159239277504013
223.0,0.2,0.6977,2.15,39.79,0.156252071986262
224.0,0.2,0.69865,2.08,40.62,0.157782849194708
225.0,0.2,0.7072,2.14,39.04,0.156099839846171
226.0,0.2,0.70425,2.23,39.54,0.150829995359014
227.0,0.2,0.71875,2.13,39.73,0.152220851068439
228.0,0.2,0.7132,2.34,37.85,0.154490323321559
229.0,0.2,0.7079,2.21,38.18,0.153400097783541
230.0,0.2,0.70815,2.22,39.85,0.159550391726251
231.0,0.2,0.706,2.33,38.88,0.162459225653701
232.0,0.2,0.6998,2.27,37.94,0.159588408100338
233.0,0.2,0.7012,2.2,38.53,0.160605292565345
234.0,0.2,0.7152,2.18,39.64,0.15931873712781
235.0,0.2,0.7101,2.34,38.25,0.160872589337027
236.0,0.2,0.7134,2.29,37.55,0.1538
237.0,0.2,0.71805,2.34,37.53,0.154461799484532
238.0,0.2,0.71125,2.25,37.8,0.157253577065833
239.0,0.2,0.7158,2.29,39.16,0.158881591129999
240.0,0.2,0.71325,2.36,37.63,0.159258241544982
241.0,0.2,0.71695,2.34,37.47,0.154728625341272
242.0,0.2,0.71385,2.34,38.27,0.154492483635936
243.0,0.2,0.7247,2.38,38.03,0.156577169472436
244.0,0.2,0.72295,2.43,37.74,0.154053716281043
245.0,0.2,0.72535,2.55,38.22,0.15768680192077
246.0,0.2,0.73215,2.5,38.06,0.153339908373521
247.0,0.2,0.7208,2.45,39.05,0.154442092707914
248.0,0.2,0.7323,2.44,37.23,0.156659535298685
249.0,0.2,0.72715,2.54,37.15,0.158352857568154
250.0,0.2,0.72035,2.5,38.23,0.162236332244045
251.0,0.2,0.71455,2.54,38.78,0.158820803108409
252.0,0.2,0.726,2.36,37.65,0.158707277715926
253.0,0.2,0.7223,2.5,38.24,0.164891509787496
254.0,0.2,0.73455,2.53,37.83,0.150449484877815
255.0,0.2,0.744,2.57,38.2,0.143038456367509
256.0,0.2,0.7323,2.65,35.55,0.157672794102216
257.0,0.2,0.72985,2.59,38.19,0.15947328146119
258.0,0.2,0.7372,2.59,37.11,0.156502907321238
259.0,0.2,0.7366,2.65,37.95,0.155032061200257
260.0,0.2,0.7365,2.69,37.15,0.153945607277376
261.0,0.2,0.7341,2.65,36.58,0.152476850702
262.0,0.2,0.7413,2.59,36.42,0.145639314747083
263.0,0.2,0.7316,2.58,36.78,0.158300157927906
264.0,0.2,0.7444,2.62,37.11,0.152881130294095
265.0,0.2,0.7414,2.74,37.51,0.154871043129437
266.0,0.2,0.73135,2.64,36.62,0.162415909011401
267.0,0.2,0.74585,2.59,37.04,0.153657175231097
268.0,0.2,0.72865,2.69,36.54,0.159654087013143
269.0,0.2,0.7512,2.63,37.43,0.15310146962064
270.0,0.2,0.75595,2.8,35.94,0.148750957980109
271.0,0.2,0.7419,2.84,35.87,0.154079167962447
272.0,0.2,0.7434,2.76,36.9,0.156526163947117
273.0,0.2,0.7502,2.73,36.18,0.151423115804688
274.0,0.2,0.7451,2.78,36.86,0.155270699103211
275.0,0.2,0.75095,2.79,37.47,0.151936985293246
276.0,0.2,0.7514,2.83,36.85,0.155373871677319
277.0,0.2,0.7528,2.89,36.5,0.151965983035678
278.0,0.2,0.7514,2.82,35.43,0.154588291924065
279.0,0.2,0.76165,2.88,35.57,0.147974752914137
280.0,0.2,0.74875,2.94,36.39,0.154829543369474
281.0,0.2,0.7557,2.9,36.3,0.147207370739375
282.0,0.2,0.7609,2.87,35.57,0.147567577739827
283.0,0.2,0.7533,2.97,35.6,0.1526994106079
284.0,0.2,0.7575,2.89,35.47,0.148589198799913
285.0,0.2,0.75605,2.96,36.19,0.150268584541148
286.0,0.2,0.7577,2.85,35.43,0.156459930972758
287.0,0.2,0.75695,2.97,36.08,0.151327286039234
288.0,0.2,0.7558,2.92,35.9,0.155842420412415
289.0,0.2,0.7531,2.99,35.75,0.156164624675372
290.0,0.2,0.7633,2.91,35.55,0.15261425228333
291.0,0.2,0.75555,2.95,35.29,0.155011120568816
292.0,0.2,0.767,2.99,37.04,0.146268588562275
293.0,0.2,0.76025,3.06,36.39,0.153183509229943
294.0,0.2,0.7593,3.0,35.45,0.152417223436198
295.0,0.2,0.7652,3.03,35.2,0.15587482157167
296.0,0.2,0.772,3.17,35.21,0.146080457282964
297.0,0.2,0.76995,3.16,35.18,0.145899785812043
298.0,0.2,0.7645,3.08,34.63,0.149839080349553
299.0,0.2,0.759,3.07,34.91,0.153749796747833
300.0,0.2,0.76115,3.03,37.01,0.147719083059705
301.0,0.2,0.7702,2.98,35.43,0.145263415903661
302.0,0.2,0.76305,3.11,34.83,0.152844520673788
303.0,0.2,0.7765,3.14,35.9,0.145343558508796
304.0,0.2,0.7777,3.25,35.62,0.139045711907991
305.0,0.2,0.77635,3.16,35.66,0.145263304037874
306.0,0.2,0.76475,3.2,35.01,0.152548967548129
307.0,0.2,0.77675,3.14,35.46,0.140958105478188
308.0,0.2,0.7654,3.2,35.67,0.154317335383941
309.0,0.2,0.764,3.14,35.62,0.153205744017645
310.0,0.2,0.78325,3.14,35.85,0.140412561759979
311.0,0.2,0.77725,3.24,35.41,0.146915579500609
312.0,0.2,0.7823,3.28,35.68,0.147058525764404
313.0,0.2,0.78165,3.34,35.77,0.152453361720888
314.0,0.2,0.7816,3.32,34.76,0.143303663595876
315.0,0.2,0.78975,3.31,35.75,0.135708096663391
316.0,0.2,0.77585,3.43,35.36,0.145797899504759
317.0,0.2,0.7766,3.25,35.46,0.1416825324449
318.0,0.2,0.782,3.29,35.63,0.143445111453824
319.0,0.2,0.7829,3.32,35.26,0.141152718712747
320.0,0.2,0.79415,3.3,34.98,0.140117905708014
321.0,0.2,0.78315,3.47,35.93,0.145956594575237
322.0,0.2,0.7821,3.34,35.2,0.143821382276768
323.0,0.2,0.79395,3.32,36.36,0.135015360237271
324.0,0.2,0.79,3.43,36.29,0.13751727164251
325.0,0.2,0.78585,3.36,35.19,0.140248092678653
326.0,0.2,0.78775,3.38,35.16,0.141780420016305
327.0,0.2,0.7945,3.41,35.36,0.139288369938053
328.0,0.2,0.78585,3.52,35.84,0.146219107848462
329.0,0.2,0.8007,3.45,34.75,0.133396064409711
330.0,0.2,0.79655,3.58,35.83,0.133279208806175
331.0,0.2,0.7915,3.46,36.08,0.13909618973933
332.0,0.2,0.7934,3.55,35.38,0.136150431508681
333.0,0.2,0.79525,3.45,35.01,0.141771603292055
334.0,0.2,0.7998,3.53,35.08,0.133110705805355
335.0,0.2,0.79995,3.64,35.3,0.131633003080535
336.0,0.2,0.797,3.56,35.71,0.136771707600658
337.0,0.2,0.80285,3.56,35.97,0.135864371709437
338.0,0.2,0.7914,3.67,35.81,0.143636833716147
339.0,0.2,0.80335,3.56,34.63,0.132551980369967
340.0,0.2,0.8007,3.6,35.64,0.133932856312407
341.0,0.2,0.802,3.61,35.91,0.13362447380626
342.0,0.2,0.7992,3.62,35.94,0.132018407807396
343.0,0.2,0.79735,3.64,35.59,0.134501775081223
344.0,0.2,0.7997,3.59,35.84,0.140117486417649
345.0,0.2,0.794,3.63,34.85,0.139181536131772
346.0,0.2,0.80345,3.63,35.75,0.137360283561152
347.0,0.2,0.808,3.73,35.46,0.137122208266933
348.0,0.2,0.808,3.7,35.55,0.133131513925142
349.0,0.2,0.79985,3.77,34.98,0.138472840297294
350.0,0.2,0.80205,3.67,35.28,0.137060379030558
351.0,0.2,0.8059,3.71,35.73,0.133314252801416
352.0,0.2,0.80375,3.73,36.37,0.135501614381527
353.0,0.2,0.81375,3.78,35.17,0.125020748278036
354.0,0.2,0.8119,3.8,35.51,0.130885025881497
355.0,0.2,0.8045,3.82,35.67,0.143451211218309
356.0,0.2,0.80845,3.73,35.38,0.132271869647329
357.0,0.2,0.80695,3.82,35.57,0.135533934865036
358.0,0.2,0.814,3.79,36.15,0.133384781740647
359.0,0.2,0.8111,3.92,35.76,0.131483040731495
360.0,0.2,0.807,3.79,36.45,0.133300412602512
361.0,0.2,0.80775,3.78,36.6,0.135831467267345
362.0,0.2,0.8207,3.79,36.21,0.121645016338524
363.0,0.2,0.81355,3.92,37.15,0.13024648747663
364.0,0.2,0.81335,3.79,35.51,0.125054098293499
365.0,0.2,0.8063,3.89,36.04,0.136243568655552
366.0,0.2,0.8074,3.77,36.69,0.136736023051719
367.0,0.2,0.81085,3.88,36.14,0.135103765676608
368.0,0.2,0.81525,3.92,35.57,0.128447216785729
369.0,0.2,0.81655,3.92,35.78,0.126995462517367
370.0,0.2,0.8193,3.88,36.37,0.125902779953423
371.0,0.2,0.812,3.95,36.17,0.138282319911115
372.0,0.2,0.81305,3.94,35.57,0.130986440137901
373.0,0.2,0.8215,3.88,36.58,0.123256845651672
374.0,0.2,0.82375,4.01,36.54,0.119281966365415
375.0,0.2,0.8262,4.04,35.93,0.120123103523011
376.0,0.2,0.81735,4.07,36.31,0.12922936005413
377.0,0.2,0.82305,4.07,36.34,0.123446131976663
378.0,0.2,0.82515,4.03,36.13,0.128814702188842
379.0,0.2,0.82255,4.15,36.75,0.129581046067702
380.0,0.2,0.823,4.1,36.41,0.125235777635626
381.0,0.2,0.8212,4.1,35.82,0.128522605015616
382.0,0.2,0.8221,4.06,36.13,0.128717092882026
383.0,0.2,0.82265,4.08,36.41,0.127268328738928
384.0,0.2,0.82295,4.08,37.03,0.133150469394591
385.0,0.2,0.8254,4.13,36.92,0.126369854000074
386.0,0.2,0.8297,4.14,35.93,0.116406228355703
387.0,0.2,0.8224,4.1,36.48,0.123881959945749
388.0,0.2,0.8222,4.02,36.37,0.124131623690339
389.0,0.2,0.8251,4.08,36.38,0.126510829575969
390.0,0.2,0.8287,4.12,35.81,0.124138269683446
391.0,0.2,0.8237,4.16,35.46,0.13001080724309
392.0,0.2,0.82545,4.16,36.53,0.124336428692479
393.0,0.2,0.8263,4.12,36.19,0.124385730692874
394.0,0.2,0.8277,4.11,36.91,0.126389121367308
395.0,0.2,0.8258,4.15,36.9,0.127425900036061
396.0,0.2,0.83305,4.2,36.01,0.121502870336466
397.0,0.2,0.8262,4.33,36.72,0.1274247228759
398.0,0.2,0.83145,4.24,37.17,0.117797060659424
399.0,0.2,0.8272,4.23,36.42,0.126386945528406
400.0,0.2,0.83105,4.26,37.76,0.12745056884926
401.0,0.2,0.83245,4.35,36.69,0.118992636326791
402.0,0.2,0.8312,4.32,36.54,0.11967272036684
403.0,0.2,0.83375,4.26,36.21,0.122715881205327
404.0,0.2,0.83035,4.35,36.83,0.126744339124082
405.0,0.2,0.8284,4.3,37.14,0.123985644330301
406.0,0.2,0.8344,4.28,37.02,0.119486986739142
407.0,0.2,0.8354,4.31,37.22,0.116549731874424
408.0,0.2,0.8375,4.36,37.8,0.119646353893464
409.0,0.2,0.8389,4.42,37.21,0.117344748497749
410.0,0.2,0.8314,4.38,37.62,0.125749910536748
411.0,0.2,0.83605,4.34,37.48,0.121592135847677
412.0,0.2,0.8327,4.35,37.39,0.124033100420815
413.0,0.2,0.83615,4.4,38.32,0.125572399435545
414.0,0.2,0.83415,4.42,37.16,0.12799424791763
415.0,0.2,0.84345,4.43,37.35,0.11007655290751
416.0,0.2,0.8343,4.39,37.46,0.122792548633864
417.0,0.2,0.836,4.4,37.58,0.128222462930643
418.0,0.2,0.8335,4.47,36.79,0.128840017075442
419.0,0.2,0.83065,4.43,37.94,0.133224725557983
420.0,0.2,0.8354,4.49,37.78,0.125975553183941
421.0,0.2,0.84045,4.4,37.23,0.113536546979376
422.0,0.2,0.8339,4.49,38.67,0.130277741767349
423.0,0.2,0.8374,4.42,38.37,0.119502050191619
424.0,0.2,0.8371,4.4,37.87,0.121388178996144
425.0,0.2,0.84855,4.51,37.89,0.102120749605552
426.0,0.2,0.83985,4.53,37.21,0.122142242897369
427.0,0.2,0.84085,4.52,37.1,0.116944548825501
428.0,0.2,0.84305,4.54,38.23,0.117166324086744
429.0,0.2,0.8396,4.58,38.11,0.116433843877114
430.0,0.2,0.84735,4.53,37.14,0.111893822438953
431.0,0.2,0.8392,4.64,37.66,0.122602446957636
432.0,0.2,0.84335,4.57,38.16,0.118173717467126
433.0,0.2,0.84705,4.64,38.74,0.11145423948868
434.0,0.2,0.8459,4.64,37.82,0.118529279083271
435.0,0.2,0.84215,4.61,38.86,0.121877510230559
436.0,0.2,0.84155,4.62,38.01,0.115396479582351
437.0,0.2,0.8393,4.61,38.65,0.120328757992427
438.0,0.2,0.84515,4.52,37.98,0.116635018326402
439.0,0.2,0.838,4.65,38.33,0.120366108186649
440.0,0.2,0.8459,4.6,37.88,0.115942615116272
441.0,0.2,0.84785,4.66,39.02,0.112143334621368
442.0,0.2,0.8507,4.68,37.76,0.111335124736086
443.0,0.2,0.84735,4.78,39.04,0.113350022055578
444.0,0.2,0.8464,4.72,39.14,0.113333754901176
445.0,0.2,0.8452,4.74,38.86,0.120550653254141
446.0,0.2,0.8513,4.79,39.26,0.108114800096934
447.0,0.2,0.84235,4.78,39.19,0.123960588494892
448.0,0.2,0.8523,4.7,38.87,0.108232204079932
449.0,0.2,0.8491,4.76,38.98,0.115618726856855
450.0,0.2,0.8504,4.84,38.86,0.111010540040124
451.0,0.2,0.8462,4.74,38.81,0.113571827492561
452.0,0.2,0.8479,4.78,39.53,0.118017329236006
453.0,0.2,0.8494,4.76,39.61,0.116698928872548
454.0,0.2,0.84885,4.87,39.8,0.112676206450163
455.0,0.2,0.8446,4.76,39.28,0.117568448148303
456.0,0.2,0.8486,4.74,39.29,0.116649217742769
457.0,0.2,0.8499,4.85,39.21,0.11298225524391
458.0,0.2,0.85365,4.72,39.4,0.114701471219859
459.0,0.2,0.85235,4.93,39.5,0.110935690830319
460.0,0.2,0.8533,4.86,39.09,0.107042561628541
461.0,0.2,0.8524,4.89,39.91,0.111703804769579
462.0,0.2,0.85205,4.91,40.12,0.110831166645489
463.0,0.2,0.851,4.9,40.42,0.111848111293844
464.0,0.2,0.84985,4.84,39.82,0.119587739756214
465.0,0.2,0.8505,4.88,39.4,0.115070630484064
466.0,0.2,0.85295,4.94,40.21,0.110774760211882
467.0,0.2,0.85345,4.93,40.67,0.115415975930544
468.0,0.2,0.8508,4.98,39.69,0.116879681724413
469.0,0.2,0.8552,4.92,40.0,0.111823342822508
470.0,0.2,0.85505,4.97,39.91,0.109648290000347
471.0,0.2,0.861,4.92,40.3,0.100307028666988
472.0,0.2,0.85895,5.03,40.67,0.105084002112595
473.0,0.2,0.85595,5.01,39.8,0.107008632829319
474.0,0.2,0.85995,5.0,40.25,0.103808706282277
475.0,0.2,0.853,5.08,40.03,0.106841003364813
476.0,0.2,0.8558,4.98,40.18,0.10766550050968
477.0,0.2,0.86045,5.05,41.19,0.102303702279047
478.0,0.2,0.859,5.06,41.24,0.105763887976946
479.0,0.2,0.8552,5.12,40.44,0.107345051120208
480.0,0.2,0.86015,5.08,41.22,0.103509552699256
481.0,0.2,0.857,5.08,40.63,0.106301458127346
482.0,0.2,0.8613,5.01,40.72,0.10422000767607
483.0,0.2,0.8616,5.1,40.86,0.103927570932838
484.0,0.2,0.85655,5.07,41.15,0.104092975267306
485.0,0.2,0.8626,5.04,40.76,0.0990214118259275
486.0,0.2,0.8617,5.15,40.82,0.106480561606332
487.0,0.2,0.8546,5.17,41.06,0.117836072575422
488.0,0.2,0.85995,5.14,40.98,0.102504865738169
489.0,0.2,0.86485,5.19,41.37,0.0990465925713749
490.0,0.2,0.86235,5.23,40.39,0.102614460481943
491.0,0.2,0.861,5.15,41.06,0.10516653460108
492.0,0.2,0.86105,5.18,40.97,0.105471074233649
493.0,0.2,0.86065,5.27,41.38,0.106036915741641
494.0,0.2,0.8604,5.21,41.11,0.10036104822091
495.0,0.2,0.86525,5.19,40.95,0.098382861820542
496.0,0.2,0.8616,5.31,41.27,0.107962678736683
497.0,0.2,0.86175,5.26,40.89,0.103349830672334
498.0,0.2,0.8596,5.22,40.98,0.10674193177941
499.0,0.2,0.8592,5.18,42.02,0.106957281192073
500.0,0.2,0.8666,5.22,41.78,0.0957023510683001
501.0,0.2,0.86575,5.3,41.17,0.0964919038054487
502.0,0.2,0.86255,5.25,41.63,0.10811451105194
503.0,0.2,0.8623,5.23,41.64,0.102874729647275
504.0,0.2,0.8637,5.29,42.57,0.100036543322928
505.0,0.2,0.8614,5.28,41.56,0.106120403316233
506.0,0.2,0.8632,5.26,42.03,0.0992031249507795
507.0,0.2,0.8685,5.29,42.06,0.0983298021964863
508.0,0.2,0.867,5.37,41.57,0.0972753822917188
509.0,0.2,0.8636,5.3,42.3,0.105780622043926
510.0,0.2,0.86045,5.29,42.58,0.106174608546488
511.0,0.2,0.87025,5.26,42.04,0.090764461657633
512.0,0.2,0.8658,5.4,41.97,0.0987970647337251
513.0,0.2,0.86715,5.33,42.05,0.100317633046239
514.0,0.2,0.8657,5.37,41.92,0.102922349370776
515.0,0.2,0.86235,5.36,41.87,0.105767327185668
516.0,0.2,0.8689,5.31,42.92,0.0977025588201251
517.0,0.2,0.8693,5.34,42.21,0.0954725615032917
518.0,0.2,0.8699,5.45,43.1,0.098597616604055
519.0,0.2,0.86945,5.46,42.04,0.0987823238236484
520.0,0.2,0.86755,5.46,42.61,0.0975589437212197
521.0,0.2,0.87025,5.36,42.41,0.0968539493257754
522.0,0.2,0.86985,5.47,42.84,0.0989935730237065
523.0,0.2,0.87335,5.52,42.64,0.0951657895464545
524.0,0.2,0.8703,5.57,43.16,0.101214672849346
525.0,0.2,0.8736,5.45,43.57,0.087178208286245
526.0,0.2,0.8747,5.42,42.8,0.0887181492142389
527.0,0.2,0.8706,5.52,43.06,0.0944517866427093
528.0,0.2,0.8711,5.45,43.01,0.097876401650245
529.0,0.2,0.87125,5.51,43.19,0.0938599355422749
530.0,0.2,0.87175,5.51,43.32,0.0978324460493551
531.0,0.2,0.8697,5.53,43.12,0.0988580295170808
532.0,0.2,0.87255,5.49,43.72,0.0981389193949073
533.0,0.2,0.86955,5.56,43.32,0.10005272360111
534.0,0.2,0.87105,5.56,43.78,0.0979190864949221
535.0,0.2,0.87365,5.51,43.52,0.0937599461390642
536.0,0.2,0.8735,5.54,43.44,0.0966294468575712
537.0,0.2,0.8706,5.59,43.69,0.099910660091904
538.0,0.2,0.87565,5.53,43.4,0.0928699493916097
539.0,0.2,0.8713,5.58,43.31,0.101043604448772
540.0,0.2,0.87465,5.52,43.91,0.0980006505080448
541.0,0.2,0.87265,5.58,43.62,0.0956176108256209
542.0,0.2,0.8741,5.52,44.29,0.0905328117314383
543.0,0.2,0.87345,5.57,44.76,0.0955423858818693
544.0,0.2,0.87535,5.58,43.71,0.0895076951999104
545.0,0.2,0.8793,5.65,43.67,0.0882695304167859
546.0,0.2,0.87115,5.73,44.09,0.103447704179455
547.0,0.2,0.8745,5.62,44.56,0.0974230465547036
548.0,0.2,0.8774,5.66,44.48,0.0862133400350552
549.0,0.2,0.8746,5.6,43.7,0.0971536926730023
550.0,0.2,0.87565,5.68,44.77,0.0966841636463804
551.0,0.2,0.87305,5.7,43.59,0.092752075448476
552.0,0.2,0.87425,5.61,43.83,0.0946529846333438
553.0,0.2,0.8759,5.6,43.98,0.0911218415090471
554.0,0.2,0.87695,5.69,44.56,0.0969868418910534
555.0,0.2,0.87715,5.74,44.68,0.0922205373005386
556.0,0.2,0.8773,5.69,44.02,0.0954893187744043
557.0,0.2,0.878,5.77,44.57,0.0876099309439293
558.0,0.2,0.88215,5.75,45.05,0.087407822876445
559.0,0.2,0.87605,5.82,44.01,0.0973865878856018
560.0,0.2,0.88145,5.77,45.61,0.0981817065445494
561.0,0.2,0.8764,5.79,45.42,0.0931720988279218
562.0,0.2,0.8814,5.78,45.41,0.0835226915275129
563.0,0.2,0.87625,5.75,44.93,0.0915105868192313
564.0,0.2,0.88165,5.76,45.18,0.0860989401793074
565.0,0.2,0.8801,5.83,45.02,0.090410121114839
566.0,0.2,0.8791,5.81,45.16,0.0932399592449502
567.0,0.2,0.8786,5.77,44.84,0.0939150680136049
568.0,0.2,0.8795,5.81,45.56,0.0903147274811801
569.0,0.2,0.88155,5.78,46.03,0.0921105178576254
570.0,0.2,0.88055,5.83,45.09,0.0875182695212829
571.0,0.2,0.879,5.82,45.46,0.0921710366655388
572.0,0.2,0.88005,5.83,45.2,0.0909409011391461
573.0,0.2,0.87965,5.85,45.08,0.0897782128358543
574.0,0.2,0.87875,5.85,45.14,0.0931299495328968
575.0,0.2,0.87925,5.77,45.7,0.0901120829855796
576.0,0.2,0.881,5.84,45.52,0.0968633057457786
577.0,0.2,0.8799,5.89,45.92,0.0927954201456096
578.0,0.2,0.87935,5.88,45.38,0.088703593501052
579.0,0.2,0.882,5.78,45.7,0.0916896940773604
580.0,0.2,0.88015,5.9,45.83,0.0942747447623169
581.0,0.2,0.8847,5.9,46.37,0.0830416160729058
582.0,0.2,0.88225,6.03,45.82,0.0879044225281072
583.0,0.2,0.88345,5.91,46.66,0.0930233707194065
584.0,0.2,0.88165,5.96,45.54,0.0962991562787545
585.0,0.2,0.87905,5.97,46.1,0.0965445363549904
586.0,0.2,0.88175,5.87,46.18,0.0943805461946483
587.0,0.2,0.8818,5.94,46.41,0.0921290399385561
588.0,0.2,0.88305,5.91,45.67,0.0945169164753051
589.0,0.2,0.8834,5.97,45.89,0.0901245804428506
590.0,0.2,0.8843,6.01,46.33,0.0844127360058886
591.0,0.2,0.88155,5.93,46.98,0.0865352384869883
592.0,0.2,0.8791,5.94,46.83,0.095394916007091
593.0,0.2,0.8825,5.94,46.1,0.0881490215487392
594.0,0.2,0.88265,5.98,46.68,0.0887227563818888
595.0,0.2,0.88265,6.01,46.89,0.0899123323020815
596.0,0.2,0.88425,6.0,46.58,0.0947823163886604
597.0,0.2,0.88345,6.06,46.62,0.0961995192295689
598.0,0.2,0.8865,6.04,46.96,0.0850073526231695
599.0,0.2,0.8859,6.07,46.88,0.0831305599644312
600.0,0.2,0.8821,6.03,46.42,0.0945256049967434
601.0,0.2,0.88295,6.0,47.63,0.0927607001914068
602.0,0.2,0.8854,6.01,47.62,0.090337367683589
603.0,0.2,0.88205,5.99,46.69,0.0915617141604504
604.0,0.2,0.8831,5.95,46.8,0.0926681714506117
605.0,0.2,0.88455,6.04,47.28,0.0877413670967127
606.0,0.2,0.8831,6.06,46.88,0.0948835602198821
607.0,0.2,0.88885,6.06,46.89,0.0807986850140516
608.0,0.2,0.8818,6.11,47.63,0.0944656551345517
609.0,0.2,0.87975,6.04,47.81,0.100708428147798
610.0,0.2,0.8884,6.02,47.46,0.0817889968149747
611.0,0.2,0.8878,6.14,48.05,0.0870899534963695
612.0,0.2,0.8851,6.13,48.05,0.0879118308306679
613.0,0.2,0.88875,6.1,47.33,0.0810505243659781
614.0,0.2,0.88665,6.13,47.64,0.0811451015157412
615.0,0.2,0.888,6.12,47.4,0.0833216658498854
616.0,0.2,0.88715,6.16,47.66,0.0849566212840411
617.0,0.2,0.8835,6.1,47.92,0.0925540382695428
618.0,0.2,0.88885,6.07,48.11,0.0826100932090021
619.0,0.2,0.88505,6.18,47.9,0.0887707581357738
620.0,0.2,0.883,6.12,48.19,0.0957235603182416
621.0,0.2,0.88435,6.16,47.49,0.0885315056914772
622.0,0.2,0.88295,6.09,47.88,0.0937205820511161
623.0,0.2,0.8893,6.06,48.95,0.0816793119461701
624.0,0.2,0.8847,6.22,48.57,0.091847210082832
625.0,0.2,0.8852,6.13,48.51,0.089114869690754
626.0,0.2,0.8888,6.16,49.0,0.0822591028397471
627.0,0.2,0.88595,6.13,48.06,0.0890693409653398
628.0,0.2,0.8908,6.18,48.91,0.0792045453241157
629.0,0.2,0.88605,6.22,48.3,0.0901007630378342
630.0,0.2,0.88685,6.17,48.25,0.090040699131004
631.0,0.2,0.8868,6.18,48.16,0.087890613833332
632.0,0.2,0.8881,6.18,48.25,0.0898993325892914
633.0,0.2,0.88805,6.23,49.2,0.0846282901871458
634.0,0.2,0.8862,6.2,49.22,0.0876216868132534
635.0,0.2,0.88675,6.22,49.44,0.0877934365428308
636.0,0.2,0.88815,6.26,48.87,0.0858389625985772
637.0,0.2,0.8871,6.24,48.85,0.0904549058923851
638.0,0.2,0.8865,6.28,50.17,0.0874857131193425
639.0,0.2,0.88365,6.21,49.37,0.095078533329033
640.0,0.2,0.88485,6.21,48.95,0.09274280295527
641.0,0.2,0.8877,6.17,49.73,0.0850394614282099
642.0,0.2,0.8867,6.25,50.34,0.0899644929958473
643.0,0.2,0.88815,6.24,48.84,0.0884354425555734
644.0,0.2,0.8884,6.26,49.65,0.0905976820895541
645.0,0.2,0.8924,6.34,49.6,0.07693659727334
646.0,0.2,0.88805,6.32,50.07,0.0852258616852874
647.0,0.2,0.89065,6.29,50.2,0.0822364122515089
648.0,0.2,0.88535,6.27,49.55,0.0917258278785211
649.0,0.2,0.89105,6.27,49.83,0.08147789577548
650.0,0.2,0.8868,6.28,49.73,0.0923323345313005
651.0,0.2,0.88915,6.36,49.75,0.0831596506726657
652.0,0.2,0.89065,6.3,50.02,0.0785737074344851
653.0,0.2,0.8907,6.35,50.76,0.0820000609755878
654.0,0.2,0.88905,6.32,50.08,0.0850784784772276
655.0,0.2,0.89125,6.33,49.83,0.0752375404967496
656.0,0.2,0.88685,6.36,50.8,0.087514727332032
657.0,0.2,0.8899,6.29,50.46,0.0826709743501324
658.0,0.2,0.89205,6.31,50.33,0.0805577277484908
659.0,0.2,0.88995,6.43,50.5,0.0879474132649734
660.0,0.2,0.88785,6.36,49.95,0.0894993156398427
661.0,0.2,0.8893,6.34,51.08,0.094472271064053
662.0,0.2,0.88715,6.36,50.97,0.0863170174415227
663.0,0.2,0.89105,6.32,50.79,0.0837505074611496
664.0,0.2,0.88685,6.41,51.25,0.0927109891005377
665.0,0.2,0.8911,6.36,50.91,0.082424450255977
666.0,0.2,0.89045,6.39,51.73,0.079687185293497
667.0,0.2,0.8894,6.39,50.8,0.0860589332957367
668.0,0.2,0.8892,6.38,51.24,0.0888783438189536
669.0,0.2,0.891,6.38,50.85,0.0846906134114055
670.0,0.2,0.8898,6.4,51.71,0.0834023980470585
671.0,0.2,0.8884,6.34,51.21,0.0897799532189666
672.0,0.2,0.88875,6.4,51.43,0.0901509151367859
673.0,0.2,0.89215,6.43,51.39,0.0846175365985086
674.0,0.2,0.8896,6.46,52.28,0.086123980400351
675.0,0.2,0.89,6.45,52.5,0.0849440992653406
676.0,0.2,0.89135,6.41,52.23,0.0815133578010367
677.0,0.2,0.8913,6.49,51.8,0.0873172949649729
678.0,0.2,0.88935,6.47,51.9,0.0878625489045254
679.0,0.2,0.89275,6.39,51.96,0.0782667713656304
680.0,0.2,0.89005,6.46,52.13,0.087351287912658
681.0,0.2,0.8873,6.49,52.06,0.0952560234315915
682.0,0.2,0.8914,6.46,52.02,0.0826047214146993
683.0,0.2,0.89015,6.5,52.29,0.0889478920492212
684.0,0.2,0.8902,6.47,52.16,0.0890587446576697
685.0,0.2,0.89045,6.51,52.06,0.0896328483314015
686.0,0.2,0.89135,6.46,52.23,0.0852990474741649
687.0,0.2,0.8931,6.45,52.55,0.0821972627281465
688.0,0.2,0.8909,6.47,52.23,0.0828292822617696
689.0,0.2,0.89245,6.53,52.91,0.0866039693085709
690.0,0.2,0.8918,6.54,52.85,0.0839420037883291
691.0,0.2,0.891,6.48,52.41,0.0868964901477626
692.0,0.2,0.89145,6.53,53.25,0.0882419826386518
693.0,0.2,0.8911,6.51,52.61,0.0869872979233171
694.0,0.2,0.89625,6.51,52.96,0.0770499026605491
695.0,0.2,0.8946,6.58,53.37,0.075867252487486
696.0,0.2,0.89425,6.56,53.03,0.0784964171156876
697.0,0.2,0.8924,6.59,52.55,0.0858675724589909
698.0,0.2,0.89245,6.53,52.95,0.0822511246123721
699.0,0.2,0.8942,6.57,53.67,0.075966176684101
700.0,0.2,0.89205,6.54,53.58,0.0840627592932805
701.0,0.2,0.894,6.54,53.61,0.0819512049941912
702.0,0.2,0.89225,6.58,53.62,0.0843871287578866
703.0,0.2,0.89355,6.57,54.02,0.0779849184137538
704.0,0.2,0.89235,6.57,53.34,0.0840459844370929
705.0,0.2,0.89405,6.62,53.27,0.0832427023828507
706.0,0.2,0.89495,6.57,53.27,0.082159889849001
707.0,0.2,0.89205,6.67,53.37,0.0892611197554677
708.0,0.2,0.8944,6.61,54.2,0.086146038794596
709.0,0.2,0.89435,6.63,53.77,0.08185552821893
710.0,0.2,0.89545,6.67,53.82,0.0818507635883747
711.0,0.2,0.89295,6.68,54.07,0.0872671043406388
712.0,0.2,0.89295,6.62,54.11,0.0865450605176288
713.0,0.2,0.8968,6.67,54.16,0.0786686722908174
714.0,0.2,0.89425,6.74,54.98,0.0836312591080633
715.0,0.2,0.8944,6.66,54.49,0.0851653685484892
716.0,0.2,0.8935,6.67,53.89,0.0855233886138761
717.0,0.2,0.8957,6.64,54.33,0.0887778688638123
718.0,0.2,0.89565,6.7,54.49,0.0820172390415581
719.0,0.2,0.8949,6.73,54.18,0.0821187554703557
720.0,0.2,0.8964,6.7,53.61,0.078205114922235
721.0,0.2,0.8948,6.72,54.13,0.0796615340048123
722.0,0.2,0.8939,6.68,54.8,0.0869729268220859
723.0,0.2,0.8942,6.69,55.19,0.0848254678737464
724.0,0.2,0.897,6.73,55.16,0.0803399029125629
725.0,0.2,0.89585,6.71,54.94,0.0800439098245463
726.0,0.2,0.896,6.71,54.78,0.0845073961260204
727.0,0.2,0.8973,6.73,55.31,0.077506193300923
728.0,0.2,0.89555,6.76,55.6,0.0789300164702881
729.0,0.2,0.8953,6.72,55.34,0.0816572715684287
730.0,0.2,0.89465,6.71,55.6,0.0855928005149963
731.0,0.2,0.89655,6.78,55.65,0.0814300159646312
732.0,0.2,0.89535,6.74,55.62,0.0815268514049206
733.0,0.2,0.8944,6.75,55.77,0.0830550419902368
734.0,0.2,0.89625,6.72,55.97,0.0808095755464668
735.0,0.2,0.8974,6.79,56.07,0.0777543567911158
736.0,0.2,0.89715,6.81,54.92,0.0819214715443998
737.0,0.2,0.8973,6.77,55.59,0.0762411306317007
738.0,0.2,0.896,6.74,55.3,0.0824924238945624
739.0,0.2,0.9003,6.82,55.83,0.0710732720507512
740.0,0.2,0.8987,6.83,56.02,0.0771512151556925
741.0,0.2,0.8984,6.83,56.03,0.0754648262437529
742.0,0.2,0.89905,6.81,56.06,0.0803171681522701
743.0,0.2,0.8975,6.87,56.13,0.0822541792251313
744.0,0.2,0.8947,6.86,56.06,0.0885178513069551
745.0,0.2,0.8959,6.76,56.38,0.0845942669452245
746.0,0.2,0.8986,6.81,56.24,0.075964070454393
747.0,0.2,0.8975,6.81,56.12,0.0858210347176028
748.0,0.2,0.89785,6.83,56.56,0.0837444177244075
749.0,0.2,0.89835,6.91,56.18,0.0764233439467285
750.0,0.2,0.8972,6.77,56.59,0.0850009411712603
751.0,0.2,0.89645,6.84,56.77,0.082450879316112
752.0,0.2,0.8992,6.84,56.45,0.074413439646343
753.0,0.2,0.8978,6.89,56.26,0.0826599056374972
754.0,0.2,0.8968,6.86,56.82,0.085748236133462
755.0,0.2,0.89785,6.94,56.96,0.0760797443476253
756.0,0.2,0.89815,6.83,56.9,0.0842723412514456
757.0,0.2,0.89885,6.88,57.49,0.0811999230295196
758.0,0.2,0.90065,6.88,57.3,0.0735277328631859
759.0,0.2,0.8984,6.89,56.59,0.0801058050330924
760.0,0.2,0.8976,6.9,57.71,0.0790711072389896
761.0,0.2,0.9001,6.85,56.83,0.0725533596741039
762.0,0.2,0.90145,6.87,57.35,0.0743515130982556
763.0,0.2,0.9,6.93,57.21,0.0791201617794102
764.0,0.2,0.90145,6.89,57.27,0.0785757437126758
765.0,0.2,0.8996,6.97,57.36,0.0802330355900864
766.0,0.2,0.89855,6.99,57.35,0.0814533455420946
767.0,0.2,0.8979,6.91,57.55,0.0839260984438101
768.0,0.2,0.89715,6.9,57.49,0.0845170249121436
769.0,0.2,0.8973,6.9,57.58,0.0847302189304389
770.0,0.2,0.9,6.91,57.9,0.0759078388573929
771.0,0.2,0.90015,6.92,57.85,0.0811031904427931
772.0,0.2,0.9016,6.99,58.08,0.0771747367990328
773.0,0.2,0.9005,6.98,57.33,0.0780080124089823
774.0,0.2,0.8993,6.91,58.39,0.0804239392220989
775.0,0.2,0.89955,6.97,58.27,0.0791773168274855
776.0,0.2,0.9025,6.95,57.9,0.0758567729342605
777.0,0.2,0.89835,7.0,58.69,0.081169744979272
778.0,0.2,0.9017,6.95,57.98,0.0794204633580031
779.0,0.2,0.9002,6.99,58.55,0.0764948364270428
780.0,0.2,0.9,6.95,58.21,0.0792085853932514
781.0,0.2,0.89745,6.95,57.78,0.0871650589399201
782.0,0.2,0.8995,6.92,58.56,0.0825363556258686
783.0,0.2,0.90165,6.94,58.32,0.0743540684831704
784.0,0.2,0.9009,7.02,58.34,0.0798479179440512
785.0,0.2,0.90185,7.02,59.13,0.0715913926390592
786.0,0.2,0.90175,7.02,59.03,0.0743685921609397
787.0,0.2,0.9025,7.0,58.61,0.0753143412637987
788.0,0.2,0.90165,7.01,58.88,0.0767758262736381
789.0,0.2,0.9011,7.03,59.08,0.0781587487105569
790.0,0.2,0.907,7.05,59.48,0.0600999168052674
791.0,0.2,0.9,7.04,58.7,0.0795958541633918
792.0,0.2,0.90285,7.02,59.11,0.0730693335127686
793.0,0.2,0.9062,7.05,58.73,0.0687099701644524
794.0,0.2,0.90155,7.12,59.09,0.0768755325184816
795.0,0.2,0.90255,7.08,59.08,0.0791469993114085
796.0,0.2,0.90215,7.08,58.8,0.0749741788884679
797.0,0.2,0.90095,7.03,59.02,0.078235845365152
798.0,0.2,0.905,7.05,59.14,0.0685310148764776
799.0,0.2,0.90175,7.1,60.3,0.0773510665731259
800.0,0.2,0.9039,7.08,59.84,0.0708681169497256
801.0,0.2,0.90525,7.06,59.93,0.0684776423367496
802.0,0.2,0.90345,7.12,60.22,0.0778514450732934
803.0,0.2,0.9019,7.09,59.25,0.0782137455950047
804.0,0.2,0.90445,7.07,60.25,0.0707880463072692
805.0,0.2,0.90265,7.07,59.99,0.0767673596002891
806.0,0.2,0.90515,7.06,60.0,0.0654998282440494
807.0,0.2,0.9018,7.08,60.16,0.0807976484806338
808.0,0.2,0.90345,7.1,60.43,0.0722139010163564
809.0,0.2,0.9036,7.12,59.87,0.0739360534516147
810.0,0.2,0.90285,7.09,60.03,0.0767406508963812
811.0,0.2,0.904,7.11,60.52,0.0758584207586731
812.0,0.2,0.9053,7.14,60.17,0.0722212572585115
813.0,0.2,0.9061,7.18,60.31,0.0682992679316548
814.0,0.2,0.9052,7.14,60.54,0.0719163402850846
815.0,0.2,0.90455,7.21,60.3,0.0702320973629583
816.0,0.2,0.90595,7.13,60.63,0.0703764697892691
817.0,0.2,0.90575,7.19,60.21,0.0698010565822599
818.0,0.2,0.90275,7.18,60.83,0.0780524663287448
819.0,0.2,0.9082,7.13,60.69,0.0634528171163438
820.0,0.2,0.9066,7.2,60.87,0.0711578526938534
821.0,0.2,0.9063,7.22,60.73,0.0677259920562257
822.0,0.2,0.9039,7.18,60.55,0.0746410744831558
823.0,0.2,0.90435,7.23,61.1,0.0743258198743888
824.0,0.2,0.9042,7.15,60.71,0.075175527932965
825.0,0.2,0.90375,7.2,61.14,0.0780620746585686
826.0,0.2,0.9033,7.16,61.16,0.0780391568380902
827.0,0.2,0.90455,7.19,61.09,0.0764136604279633
828.0,0.2,0.90475,7.18,61.29,0.0747742435601999
829.0,0.2,0.9034,7.19,61.68,0.0775044514850607
830.0,0.2,0.90325,7.2,61.79,0.0741801017793859
831.0,0.2,0.9026,7.2,61.31,0.0786621891381106
832.0,0.2,0.90665,7.21,61.61,0.0707921429256093
833.0,0.2,0.90385,7.17,61.59,0.0786284140753193
834.0,0.2,0.9052,7.22,61.54,0.0768274690459079
835.0,0.2,0.90565,7.25,61.4,0.0719327984997117
836.0,0.2,0.91015,7.23,61.61,0.0579631564012867
837.0,0.2,0.905,7.3,61.7,0.0738647412504777
838.0,0.2,0.90635,7.23,61.63,0.0704444994304017
839.0,0.2,0.90955,7.25,61.85,0.0672647567452681
840.0,0.2,0.9055,7.28,62.55,0.0749983333148141
841.0,0.2,0.90775,7.21,62.0,0.0674624895775418
842.0,0.2,0.90805,7.24,62.48,0.0660147521392005
843.0,0.2,0.90565,7.26,62.34,0.0705076414298483
844.0,0.2,0.90755,7.2,62.68,0.0687331615743093
845.0,0.2,0.9089,7.29,62.31,0.0677184612938003
846.0,0.2,0.9056,7.32,61.93,0.0768416553699874
847.0,0.2,0.90535,7.27,62.65,0.0745763199682044
848.0,0.2,0.9072,7.25,62.26,0.0708848361781278
849.0,0.2,0.90925,7.24,62.01,0.0602053776667823
850.0,0.2,0.9088,7.26,62.35,0.0597206831843057
851.0,0.2,0.9059,7.34,62.98,0.0717822401433659
852.0,0.2,0.90545,7.25,62.46,0.0780195328107014
853.0,0.2,0.904,7.3,63.01,0.0776144316477285
854.0,0.2,0.90635,7.25,62.87,0.0725081202349075
855.0,0.2,0.90615,7.32,63.16,0.0713857653877865
856.0,0.2,0.90485,7.3,63.56,0.079835628011558
857.0,0.2,0.907,7.28,63.2,0.069982140578864
858.0,0.2,0.90635,7.28,63.28,0.0713472319014542
859.0,0.2,0.90695,7.25,63.51,0.0760424059324803
860.0,0.2,0.90795,7.34,63.18,0.067242453108137
861.0,0.2,0.90815,7.3,63.32,0.0696407028970843
862.0,0.2,0.90745,7.35,63.41,0.0689728026108831
863.0,0.2,0.9056,7.29,63.62,0.0748941920311575
864.0,0.2,0.90525,7.32,63.43,0.0784103787773009
865.0,0.2,0.90545,7.31,63.22,0.0773986272488096
866.0,0.2,0.90725,7.32,63.62,0.0663414463212877
867.0,0.2,0.907,7.32,63.92,0.0712916544905502
868.0,0.2,0.90985,7.36,64.07,0.0618645900333945
869.0,0.2,0.90565,7.35,63.92,0.0767158881849135
870.0,0.2,0.90685,7.31,64.02,0.074302271163135
871.0,0.2,0.90845,7.35,63.56,0.0662596974034745
872.0,0.2,0.9057,7.36,64.44,0.0740946016927012
873.0,0.2,0.90865,7.34,64.52,0.0697275232601878
874.0,0.2,0.9087,7.34,64.33,0.0659037935175198
875.0,0.2,0.9059,7.4,64.03,0.0752641348850827
876.0,0.2,0.9076,7.33,64.42,0.072192381869556
877.0,0.2,0.9085,7.35,64.18,0.0696078300193306
878.0,0.2,0.9087,7.34,64.45,0.0682701252379095
879.0,0.2,0.9093,7.4,64.83,0.067797566328002
880.0,0.2,0.9064,7.41,64.18,0.0771915798516915
881.0,0.2,0.90665,7.37,64.52,0.0769839431310192
882.0,0.2,0.90705,7.34,64.64,0.0780131238959187
883.0,0.2,0.9107,7.39,65.04,0.0634705443493282
884.0,0.2,0.90795,7.38,65.22,0.0702107363584806
885.0,0.2,0.9059,7.4,65.02,0.0763098289868348
886.0,0.2,0.90735,7.39,65.83,0.0738188830855635
887.0,0.2,0.90615,7.39,64.72,0.0798525359647401
888.0,0.2,0.90985,7.36,65.12,0.0616784200511004
889.0,0.2,0.90915,7.41,65.19,0.0631864502880167
890.0,0.2,0.908,7.37,65.11,0.070359789652899
891.0,0.2,0.90695,7.41,65.48,0.0746622227100174
892.0,0.2,0.91175,7.4,65.24,0.0616618804448912
893.0,0.2,0.91175,7.46,65.2,0.062495499837989
894.0,0.2,0.9122,7.45,65.39,0.0584136970238992
895.0,0.2,0.9067,7.46,64.73,0.0753864046098499
896.0,0.2,0.9081,7.36,65.41,0.0713609837376136
897.0,0.2,0.9058,7.39,65.55,0.075138937974929
898.0,0.2,0.9098,7.37,65.51,0.0655244992350179
899.0,0.2,0.9127,7.43,65.06,0.0566013250728292
900.0,0.2,0.9081,7.46,65.55,0.0697487634298982
901.0,0.2,0.90665,7.43,66.21,0.0730070373320263
902.0,0.2,0.91105,7.39,65.5,0.0601884332741772
903.0,0.2,0.90995,7.47,66.68,0.0634566584370771
904.0,0.2,0.91075,7.42,66.61,0.0619208163705863
905.0,0.2,0.90955,7.46,66.46,0.0663253156796113
906.0,0.2,0.90695,7.42,66.26,0.0724703215116377
907.0,0.2,0.9103,7.48,66.56,0.0659386836386655
908.0,0.2,0.9101,7.46,66.46,0.0686038628650021
909.0,0.2,0.90975,7.41,66.23,0.0682655659904763
910.0,0.2,0.91005,7.42,66.57,0.0661796607727793
911.0,0.2,0.9114,7.44,66.83,0.0596367336463018
912.0,0.2,0.91175,7.47,67.21,0.0610220247123953
913.0,0.2,0.90935,7.48,66.7,0.0673522642529558
914.0,0.2,0.90915,7.44,66.66,0.0680773640794055
915.0,0.2,0.9119,7.45,66.65,0.0647563896461205
916.0,0.2,0.91055,7.46,66.72,0.0684722389001547
917.0,0.2,0.90935,7.48,66.68,0.0667182696118536
918.0,0.2,0.91175,7.48,67.57,0.0638528581975786
919.0,0.2,0.9091,7.51,66.64,0.0696971305004735
920.0,0.2,0.91015,7.48,67.26,0.0685618516377734
921.0,0.2,0.91035,7.43,67.24,0.0686340112480682
922.0,0.2,0.9083,7.47,67.09,0.0726609248496061
923.0,0.2,0.9099,7.48,67.63,0.0680477038554583
924.0,0.2,0.9104,7.48,67.52,0.0627561949133305
925.0,0.2,0.91305,7.49,67.59,0.0600037290507848
926.0,0.2,0.9109,7.49,67.17,0.0661111942109648
927.0,0.2,0.90915,7.48,67.45,0.0689095602946346
928.0,0.2,0.9113,7.51,67.75,0.0655157233036465
929.0,0.2,0.91075,7.51,68.1,0.0666047107943564
930.0,0.2,0.912,7.48,67.4,0.0669888050348703
931.0,0.2,0.91065,7.51,67.59,0.066684537188167
932.0,0.2,0.914,7.49,67.49,0.0550272659687897
933.0,0.2,0.91135,7.57,68.29,0.0664862955803654
934.0,0.2,0.9114,7.53,68.74,0.060527183975466
935.0,0.2,0.9135,7.51,67.9,0.0591417788031445
936.0,0.2,0.91175,7.54,68.14,0.0659104506129355
937.0,0.2,0.9118,7.52,68.52,0.0659565008168258
938.0,0.2,0.91235,7.52,67.89,0.05973464237777
939.0,0.2,0.91215,7.59,68.52,0.0625709796950631
940.0,0.2,0.9127,7.5,68.49,0.0614468062636302
941.0,0.2,0.91,7.52,68.42,0.0691013748054253
942.0,0.2,0.9132,7.53,68.41,0.0582302326974585
943.0,0.2,0.91175,7.58,68.62,0.0679241304692237
944.0,0.2,0.9142,7.56,68.52,0.0555999999999999
945.0,0.2,0.9109,7.53,68.36,0.0675476868589886
946.0,0.2,0.9116,7.48,69.04,0.0648994607065423
947.0,0.2,0.9108,7.49,68.9,0.0652522796536655
948.0,0.2,0.91325,7.52,68.58,0.0572379900066383
949.0,0.2,0.9145,7.54,68.78,0.0561181788728037
950.0,0.2,0.91245,7.58,69.28,0.0653012059612972
951.0,0.2,0.914,7.53,69.57,0.0566392090340251
952.0,0.2,0.9119,7.61,68.89,0.0664295867817956
953.0,0.2,0.91495,7.56,68.98,0.0567824576784058
954.0,0.2,0.9107,7.58,69.7,0.0662231832517895
955.0,0.2,0.9142,7.56,69.61,0.0576095478197845
956.0,0.2,0.91315,7.57,69.77,0.0604965081636952
957.0,0.2,0.91425,7.59,69.31,0.0537325553086772
958.0,0.2,0.9123,7.62,69.21,0.0658726802248089
959.0,0.2,0.91385,7.57,70.1,0.0568412482269687
960.0,0.2,0.9132,7.55,69.59,0.0597390994240805
961.0,0.2,0.9115,7.54,70.04,0.0678583082606679
962.0,0.2,0.91515,7.55,69.32,0.0550611251247186
963.0,0.2,0.91545,7.62,69.58,0.054323544619254
964.0,0.2,0.9147,7.6,70.27,0.0577919544573474
965.0,0.2,0.9132,7.6,69.63,0.0576043401142678
966.0,0.2,0.9126,7.61,69.95,0.0646470416956562
967.0,0.2,0.9138,7.6,69.67,0.058004827385314
968.0,0.2,0.91225,7.63,69.9,0.0643054235659816
969.0,0.2,0.91285,7.64,69.99,0.058207624071079
970.0,0.2,0.9151,7.58,70.14,0.0579395374506899
971.0,0.2,0.9145,7.69,69.88,0.0586110057924278
972.0,0.2,0.9132,7.66,70.61,0.0582044671825126
973.0,0.2,0.9146,7.66,70.35,0.0552117741066159
974.0,0.2,0.91345,7.61,70.33,0.0607811442801144
975.0,0.2,0.91275,7.61,71.04,0.0615482534276967
976.0,0.2,0.9128,7.65,70.71,0.0622547990118018
977.0,0.2,0.91435,7.61,70.44,0.057169288083725
978.0,0.2,0.91285,7.62,70.49,0.0611238701327074
979.0,0.2,0.9123,7.66,70.54,0.0599975832846627
980.0,0.2,0.91585,7.64,71.19,0.0575111076227904
981.0,0.2,0.91615,7.69,71.38,0.0540964647643463
982.0,0.2,0.91115,7.67,71.3,0.0676862430631235
983.0,0.2,0.91445,7.66,71.02,0.0615178632593824
984.0,0.2,0.91485,7.68,71.45,0.0576127373069544
985.0,0.2,0.9144,7.72,71.53,0.0587846918848775
986.0,0.2,0.9133,7.65,71.03,0.062378762411577
987.0,0.2,0.91495,7.65,70.96,0.0556079805423639
988.0,0.2,0.91275,7.66,70.49,0.0614669626710147
989.0,0.2,0.9151,7.69,71.49,0.0561024954881681
990.0,0.2,0.91615,7.68,71.17,0.0540085872801739
991.0,0.2,0.9127,7.67,71.15,0.0659523312703961
992.0,0.2,0.91585,7.68,71.62,0.0532919083914258
993.0,0.2,0.91345,7.71,71.98,0.0585350108909193
994.0,0.2,0.9149,7.67,71.7,0.0568242025900945
995.0,0.2,0.91355,7.72,71.74,0.0597632621264932
996.0,0.2,0.9147,7.69,71.46,0.0573141343823675
997.0,0.2,0.916,7.71,72.36,0.055385016024193
998.0,0.2,0.9131,7.69,71.69,0.0680763541914509
999.0,0.2,0.91495,7.72,71.38,0.0557516591681354
1000.0,0.2,0.91485,7.75,72.2,0.0564732458780277
1001.0,0.2,0.90975,7.71,72.45,0.0528978969336216
1.0,0.4,0.5411,0.0,0.0,0.0316905348645304
2.0,0.4,0.55045,2.63,2155.14,0.0426444310549454
3.0,0.4,0.5467,2.54,1806.83,0.0361332257070977
4.0,0.4,0.5456,2.19,1543.71,0.0374518357360499
5.0,0.4,0.5567,2.09,1322.81,0.0484108458922177
6.0,0.4,0.55615,1.82,1149.01,0.0538973793425987
7.0,0.4,0.5568,1.7,1005.14,0.0565266308919967
8.0,0.4,0.56365,1.68,898.56,0.0634423163196305
9.0,0.4,0.5501,1.65,809.7,0.0616400032446459
10.0,0.4,0.5633,1.38,740.69,0.0699543422526436
11.0,0.4,0.57175,1.66,679.63,0.0792066127289881
12.0,0.4,0.57035,1.69,635.02,0.0813518745942585
13.0,0.4,0.5761,1.48,590.11,0.0873629784290811
14.0,0.4,0.5757,1.69,558.5,0.0900583699608208
15.0,0.4,0.57755,1.59,524.92,0.0910068541374767
16.0,0.4,0.58155,1.64,501.08,0.102982267891128
17.0,0.4,0.58555,1.65,478.14,0.102924474737547
18.0,0.4,0.5832,1.74,458.88,0.107309179476874
19.0,0.4,0.5889,1.77,441.36,0.109267058164847
20.0,0.4,0.59515,1.75,425.03,0.117433928232006
21.0,0.4,0.59095,1.79,414.0,0.115887218881117
22.0,0.4,0.5925,1.74,396.52,0.116188424552535
23.0,0.4,0.59405,1.85,382.06,0.115695062556706
24.0,0.4,0.59605,1.69,373.28,0.124569849883508
25.0,0.4,0.5956,1.89,360.01,0.128386681552254
26.0,0.4,0.5954,1.82,357.72,0.125091326637781
27.0,0.4,0.5977,1.77,345.96,0.126476124229042
28.0,0.4,0.60135,1.95,338.1,0.129928547671403
29.0,0.4,0.59995,1.82,331.66,0.12953280472529
30.0,0.4,0.6008,2.03,322.4,0.132287036401909
31.0,0.4,0.6023,2.0,313.76,0.132963190394936
32.0,0.4,0.6106,1.96,307.54,0.130054373244424
33.0,0.4,0.607,2.08,307.17,0.13384132396237
34.0,0.4,0.6053,2.09,301.64,0.136469447130117
35.0,0.4,0.6019,2.14,295.06,0.137411389629826
36.0,0.4,0.60685,2.03,287.1,0.138561637908911
37.0,0.4,0.61295,2.11,286.98,0.136574329579171
38.0,0.4,0.6128,2.22,280.61,0.138899820014282
39.0,0.4,0.6149,2.24,279.79,0.140130260828987
40.0,0.4,0.6098,2.43,272.02,0.138951286428014
41.0,0.4,0.6116,2.33,272.19,0.139731671427776
42.0,0.4,0.6169,2.22,270.58,0.140415063294505
43.0,0.4,0.6099,2.26,268.8,0.142219864997827
44.0,0.4,0.61035,2.28,261.8,0.141541963742206
45.0,0.4,0.61635,2.29,258.37,0.144517914114479
46.0,0.4,0.61165,2.27,256.36,0.140108984365743
47.0,0.4,0.61055,2.18,254.13,0.144453963254734
48.0,0.4,0.61275,2.31,251.97,0.142338285432978
49.0,0.4,0.6132,2.37,251.63,0.14249652627345
50.0,0.4,0.6198,2.37,249.72,0.143122185561848
51.0,0.4,0.61425,2.42,246.93,0.144439217319951
52.0,0.4,0.6236,2.32,244.25,0.145547380601644
53.0,0.4,0.62005,2.5,243.51,0.142895932412368
54.0,0.4,0.62015,2.46,241.73,0.143785352174691
55.0,0.4,0.62625,2.34,239.68,0.146029748681562
56.0,0.4,0.6216,2.53,238.64,0.146391393189627
57.0,0.4,0.62165,2.46,237.2,0.145888750423053
58.0,0.4,0.6276,2.48,235.65,0.142937888609004
59.0,0.4,0.62095,2.43,234.94,0.143851824805944
60.0,0.4,0.6279,2.42,233.58,0.147863416706094
61.0,0.4,0.63525,2.58,233.49,0.147004039060157
62.0,0.4,0.6289,2.69,231.78,0.152853819055986
63.0,0.4,0.63235,2.62,230.19,0.150112382900279
64.0,0.4,0.6307,2.66,229.72,0.150527439359075
65.0,0.4,0.63845,2.73,228.24,0.153259086190673
66.0,0.4,0.6351,2.69,225.3,0.150344570902976
67.0,0.4,0.6338,2.64,225.84,0.150844489458515
68.0,0.4,0.637,2.67,225.74,0.151097650544275
69.0,0.4,0.6399,2.66,226.12,0.149823195800917
70.0,0.4,0.6432,2.73,225.49,0.15407063315246
71.0,0.4,0.64635,2.71,224.11,0.152516974465139
72.0,0.4,0.6406,2.74,222.31,0.154868137458936
73.0,0.4,0.64575,2.72,221.43,0.155541594115529
74.0,0.4,0.64265,2.81,221.99,0.155245700423554
75.0,0.4,0.64935,2.76,221.03,0.157834810799139
76.0,0.4,0.64685,2.86,219.56,0.157069498948714
77.0,0.4,0.6506,2.92,220.93,0.159819085218255
78.0,0.4,0.6472,2.83,220.15,0.16208534788808
79.0,0.4,0.65115,2.81,219.67,0.16047251322267
80.0,0.4,0.6444,2.92,218.93,0.157780353656595
81.0,0.4,0.6488,2.87,218.64,0.161569056443368
82.0,0.4,0.65605,2.88,218.59,0.166952530678633
83.0,0.4,0.65205,3.0,218.74,0.158639678201892
84.0,0.4,0.6508,2.91,217.02,0.164380229954822
85.0,0.4,0.6548,3.0,216.09,0.163731365351908
86.0,0.4,0.65485,3.09,216.07,0.165575443529528
87.0,0.4,0.66295,3.03,215.62,0.162740737063588
88.0,0.4,0.6521,3.1,214.4,0.168263454142603
89.0,0.4,0.6542,3.05,214.8,0.16487073724588
90.0,0.4,0.65605,3.05,215.45,0.163444631297574
91.0,0.4,0.66205,3.08,213.79,0.166016708496464
92.0,0.4,0.6637,3.19,214.26,0.164401368607442
93.0,0.4,0.66835,3.21,214.59,0.167378396156732
94.0,0.4,0.67235,3.22,214.28,0.165857551832891
95.0,0.4,0.665,3.25,212.93,0.169181854819008
96.0,0.4,0.66065,3.24,214.02,0.168738932970432
97.0,0.4,0.6614,3.19,213.59,0.171776133382959
98.0,0.4,0.66605,3.24,213.84,0.171702205868183
99.0,0.4,0.671,3.29,213.61,0.168319636406452
100.0,0.4,0.6743,3.39,212.19,0.171640642040281
101.0,0.4,0.6686,3.32,211.27,0.167824432071138
102.0,0.4,0.6693,3.34,213.47,0.173639022111966
103.0,0.4,0.6719,3.35,212.19,0.171283069799674
104.0,0.4,0.66685,3.37,212.33,0.17177697022593
105.0,0.4,0.6767,3.33,210.5,0.17025601310967
106.0,0.4,0.6696,3.41,211.62,0.17008333251674
107.0,0.4,0.66875,3.3,209.77,0.173751798551843
108.0,0.4,0.67505,3.41,211.61,0.170861778932563
109.0,0.4,0.67775,3.43,210.34,0.173568970441147
110.0,0.4,0.6765,3.45,213.13,0.17429357417874
111.0,0.4,0.68145,3.48,210.9,0.171364078791327
112.0,0.4,0.67975,3.54,211.63,0.172533148988825
113.0,0.4,0.6836,3.53,210.27,0.170060401034456
114.0,0.4,0.68285,3.61,211.02,0.175560893994078
115.0,0.4,0.6873,3.64,209.95,0.175633738216779
116.0,0.4,0.6859,3.67,211.74,0.173990488245766
117.0,0.4,0.68715,3.58,211.35,0.173954383388289
118.0,0.4,0.6869,3.58,210.56,0.174521889744525
119.0,0.4,0.6868,3.64,213.69,0.171241817322755
120.0,0.4,0.68915,3.64,210.46,0.17647245535777
121.0,0.4,0.6884,3.63,209.62,0.174798283744435
122.0,0.4,0.692,3.66,211.16,0.178266654200947
123.0,0.4,0.692,3.75,210.09,0.173545383113467
124.0,0.4,0.6904,3.68,210.02,0.176117404023566
125.0,0.4,0.6925,3.7,209.85,0.173348637144917
126.0,0.4,0.69615,3.64,208.68,0.173917875734498
127.0,0.4,0.6954,3.73,209.69,0.175790614083915
128.0,0.4,0.6928,3.8,211.43,0.17629707881868
129.0,0.4,0.70305,3.74,210.23,0.173562517554914
130.0,0.4,0.6989,3.85,210.56,0.176945726142227
131.0,0.4,0.6949,3.88,210.07,0.177569676465325
132.0,0.4,0.69465,3.79,209.72,0.176380632440186
133.0,0.4,0.70055,3.76,210.85,0.175484892512147
134.0,0.4,0.6934,3.8,209.47,0.175202568474323
135.0,0.4,0.7003,3.84,210.45,0.178413592531511
136.0,0.4,0.6996,3.91,210.07,0.174156079423027
137.0,0.4,0.69665,3.85,210.1,0.174354602749683
138.0,0.4,0.7006,3.8,211.05,0.176428852515681
139.0,0.4,0.7008,3.85,210.27,0.179229908218467
140.0,0.4,0.7026,3.87,210.56,0.175039252740635
141.0,0.4,0.7059,3.84,211.07,0.1765706374231
142.0,0.4,0.70575,3.94,209.4,0.17507766133919
143.0,0.4,0.70505,3.96,209.69,0.176717988614629
144.0,0.4,0.7028,4.01,211.04,0.178456325189106
145.0,0.4,0.70845,3.92,210.59,0.176705538962422
146.0,0.4,0.7107,3.97,212.37,0.177139803545109
147.0,0.4,0.71045,4.07,210.34,0.180022352778759
148.0,0.4,0.7099,4.1,211.21,0.175990028126596
149.0,0.4,0.70775,3.98,212.19,0.179194552093527
150.0,0.4,0.7158,4.08,210.5,0.180271628383393
151.0,0.4,0.71235,4.07,211.6,0.1773054638188
152.0,0.4,0.70745,4.13,211.04,0.18213249984558
153.0,0.4,0.7129,4.08,210.34,0.179139861560737
154.0,0.4,0.7106,4.16,212.17,0.181909702874805
155.0,0.4,0.7163,4.15,210.86,0.176886432492716
156.0,0.4,0.71585,4.17,211.03,0.181436014892303
157.0,0.4,0.71275,4.17,210.85,0.179446893258144
158.0,0.4,0.7138,4.09,211.9,0.181291367693004
159.0,0.4,0.71375,4.19,210.84,0.182482019662212
160.0,0.4,0.7168,4.23,211.65,0.181036626128526
161.0,0.4,0.7151,4.29,212.73,0.183177482240585
162.0,0.4,0.7151,4.27,211.51,0.180051353785524
163.0,0.4,0.7165,4.17,212.43,0.181406311907827
164.0,0.4,0.7177,4.22,212.41,0.181101380447527
165.0,0.4,0.71945,4.24,212.9,0.181463350294212
166.0,0.4,0.71765,4.33,212.56,0.182029468768109
167.0,0.4,0.7209,4.39,212.68,0.183860517784542
168.0,0.4,0.71895,4.39,213.77,0.185259675860669
169.0,0.4,0.7175,4.39,211.79,0.181676222990242
170.0,0.4,0.7218,4.33,212.88,0.180599723144859
171.0,0.4,0.71735,4.35,211.8,0.187295828837697
172.0,0.4,0.7214,4.34,213.63,0.18338904002148
173.0,0.4,0.728,4.42,213.27,0.178812751223172
174.0,0.4,0.7205,4.51,212.78,0.182515067871122
175.0,0.4,0.7203,4.36,213.43,0.181713813454013
176.0,0.4,0.72465,4.39,212.49,0.181503794726171
177.0,0.4,0.72595,4.49,212.98,0.181110042515593
178.0,0.4,0.72515,4.45,213.79,0.18055671546636
179.0,0.4,0.7283,4.48,214.5,0.178409949274137
180.0,0.4,0.7182,4.52,214.48,0.185746493910383
181.0,0.4,0.72485,4.43,213.27,0.182334109535216
182.0,0.4,0.7243,4.52,213.95,0.183106553678452
183.0,0.4,0.72285,4.52,213.71,0.183545981977269
184.0,0.4,0.7247,4.5,214.04,0.183313692887356
185.0,0.4,0.72395,4.56,214.53,0.183427499301495
186.0,0.4,0.7223,4.59,214.26,0.184106518081245
187.0,0.4,0.73015,4.55,213.81,0.180358608056283
188.0,0.4,0.72715,4.55,214.59,0.182213137561483
189.0,0.4,0.7295,4.65,215.26,0.182442456681552
190.0,0.4,0.7267,4.61,215.11,0.184309820682458
191.0,0.4,0.7303,4.57,215.55,0.182629159774664
192.0,0.4,0.7325,4.68,215.1,0.183568107251777
193.0,0.4,0.7291,4.66,213.35,0.179950520977296
194.0,0.4,0.72745,4.63,215.86,0.185466297477466
195.0,0.4,0.7342,4.63,214.23,0.180063488803255
196.0,0.4,0.7331,4.73,215.57,0.181985960996996
197.0,0.4,0.7269,4.67,216.46,0.182912246719568
198.0,0.4,0.73225,4.65,215.82,0.18297592054694
199.0,0.4,0.7328,4.7,216.73,0.181190949001323
200.0,0.4,0.733,4.69,215.47,0.182729307994093
201.0,0.4,0.73635,4.77,215.88,0.17890200529899
202.0,0.4,0.7327,4.72,216.75,0.183238123762497
203.0,0.4,0.74005,4.77,216.2,0.17960720336334
204.0,0.4,0.73365,4.77,215.53,0.17960492058961
205.0,0.4,0.7353,4.75,216.87,0.180844988871685
206.0,0.4,0.73825,4.78,216.84,0.183233969285174
207.0,0.4,0.7354,4.82,217.15,0.181329368829211
208.0,0.4,0.74025,4.81,215.39,0.182731189182361
209.0,0.4,0.74095,4.85,216.82,0.18067054962002
210.0,0.4,0.73455,4.89,217.43,0.181216852141295
211.0,0.4,0.73875,4.81,217.81,0.181039187746742
212.0,0.4,0.7395,4.81,216.53,0.181395286598081
213.0,0.4,0.74075,4.82,217.68,0.178683204303034
214.0,0.4,0.7429,4.92,217.62,0.177755703143387
215.0,0.4,0.73785,4.9,217.56,0.181857437296361
216.0,0.4,0.738,4.84,218.36,0.182237482423348
217.0,0.4,0.74175,4.84,217.87,0.181262758171667
218.0,0.4,0.73895,4.94,218.18,0.182882879187747
219.0,0.4,0.7406,4.88,217.46,0.181913825752745
220.0,0.4,0.7415,4.86,217.67,0.18296789335837
221.0,0.4,0.74135,4.94,217.52,0.181999800824067
222.0,0.4,0.7444,4.92,218.36,0.180344503658969
223.0,0.4,0.74235,4.91,219.05,0.179634984064909
224.0,0.4,0.7432,4.94,218.23,0.181276749750209
225.0,0.4,0.74525,4.9,219.11,0.17857403926663
226.0,0.4,0.74375,4.95,220.21,0.180575988160109
227.0,0.4,0.74245,5.0,218.34,0.184125629666269
228.0,0.4,0.73875,4.88,220.68,0.183034662017881
229.0,0.4,0.74995,4.95,219.64,0.177332308111071
230.0,0.4,0.74315,4.99,219.24,0.181137592729947
231.0,0.4,0.7481,5.01,219.85,0.179446064320174
232.0,0.4,0.74515,5.01,220.23,0.179258828234483
233.0,0.4,0.74395,4.99,220.64,0.180223881602855
234.0,0.4,0.75115,4.96,220.24,0.17836599311528
235.0,0.4,0.7452,5.06,220.27,0.180724818439527
236.0,0.4,0.7462,5.07,220.58,0.180294370405734
237.0,0.4,0.7509,5.02,220.75,0.17655364623819
238.0,0.4,0.7524,5.11,219.33,0.176338424627193
239.0,0.4,0.7579,5.16,221.1,0.174624139224794
240.0,0.4,0.7503,5.15,219.94,0.177583529641687
241.0,0.4,0.75245,5.09,222.56,0.177756146166595
242.0,0.4,0.7518,5.12,222.49,0.179335607172697
243.0,0.4,0.75555,5.13,221.12,0.176487811193861
244.0,0.4,0.7517,5.11,221.71,0.177640395180826
245.0,0.4,0.7476,5.14,221.56,0.180742192085855
246.0,0.4,0.75695,5.02,221.92,0.174742517722505
247.0,0.4,0.76075,5.16,223.52,0.172932609706787
248.0,0.4,0.75755,5.16,222.08,0.177488724994012
249.0,0.4,0.75745,5.18,221.55,0.178592406053561
250.0,0.4,0.7579,5.18,221.21,0.174455123169255
251.0,0.4,0.7598,5.19,222.3,0.176779410565824
252.0,0.4,0.75865,5.22,222.06,0.177577947673691
253.0,0.4,0.76055,5.23,222.25,0.175221138850311
254.0,0.4,0.7584,5.22,222.75,0.176637878157545
255.0,0.4,0.7598,5.24,222.11,0.176482180403575
256.0,0.4,0.7616,5.27,223.86,0.176656276424021
257.0,0.4,0.7592,5.25,223.54,0.177383370133731
258.0,0.4,0.75835,5.27,222.49,0.175349729112993
259.0,0.4,0.7581,5.28,224.26,0.176975676294795
260.0,0.4,0.7626,5.31,223.32,0.174174452776519
261.0,0.4,0.76135,5.31,224.25,0.175716895886536
262.0,0.4,0.76935,5.32,225.49,0.171677976164679
263.0,0.4,0.76655,5.38,222.79,0.174732216548637
264.0,0.4,0.76595,5.4,222.97,0.174084311470046
265.0,0.4,0.76185,5.35,224.57,0.173982262026909
266.0,0.4,0.76585,5.31,225.51,0.173340784294984
267.0,0.4,0.76615,5.37,224.07,0.174595038589302
268.0,0.4,0.76005,5.41,224.82,0.177832076690343
269.0,0.4,0.7724,5.32,224.71,0.173479797094647
270.0,0.4,0.76695,5.53,225.37,0.174739656346234
271.0,0.4,0.7681,5.43,225.53,0.175792178438064
272.0,0.4,0.7693,5.44,225.19,0.175663058153955
273.0,0.4,0.76735,5.55,224.81,0.174683220430584
274.0,0.4,0.7722,5.44,225.16,0.172712651534275
275.0,0.4,0.76935,5.49,225.81,0.174573272582031
276.0,0.4,0.77265,5.42,226.08,0.173497053289098
277.0,0.4,0.7701,5.5,225.42,0.176122088336472
278.0,0.4,0.7676,5.55,224.36,0.174365248831296
279.0,0.4,0.77305,5.45,225.28,0.17332324570005
280.0,0.4,0.7699,5.52,226.33,0.177256847540512
281.0,0.4,0.7719,5.59,224.97,0.175220974771858
282.0,0.4,0.77455,5.58,225.04,0.172802047152226
283.0,0.4,0.774,5.58,225.99,0.173154555238954
284.0,0.4,0.77315,5.58,225.49,0.174948070866757
285.0,0.4,0.7755,5.64,226.15,0.172185220039352
286.0,0.4,0.7744,5.6,225.67,0.172058536550791
287.0,0.4,0.7741,5.62,226.56,0.175020541651544
288.0,0.4,0.77555,5.64,228.02,0.173902120458607
289.0,0.4,0.77455,5.64,226.91,0.173564246030109
290.0,0.4,0.77545,5.68,226.79,0.173587290721412
291.0,0.4,0.77675,5.69,227.98,0.173162315473085
292.0,0.4,0.77285,5.67,227.55,0.172906412547367
293.0,0.4,0.77765,5.62,227.42,0.174532883721092
294.0,0.4,0.778,5.74,227.16,0.173049125972945
295.0,0.4,0.77655,5.76,227.71,0.17591431863268
296.0,0.4,0.777,5.73,228.17,0.174232603148779
297.0,0.4,0.7767,5.75,227.77,0.174870266197544
298.0,0.4,0.776,5.75,228.64,0.175577618163592
299.0,0.4,0.77915,5.74,228.78,0.174125034099063
300.0,0.4,0.77935,5.78,227.78,0.174387004963099
301.0,0.4,0.777,5.81,228.47,0.174136440758389
302.0,0.4,0.77895,5.73,228.36,0.175516801190086
303.0,0.4,0.7781,5.83,228.37,0.174888221444441
304.0,0.4,0.7811,5.81,229.56,0.171472417607031
305.0,0.4,0.77925,5.81,228.86,0.173499819884633
306.0,0.4,0.77845,5.86,229.08,0.174777994896383
307.0,0.4,0.78055,5.82,229.59,0.173841731180979
308.0,0.4,0.78145,5.83,229.46,0.17195245709207
309.0,0.4,0.77975,5.85,230.41,0.174595783167865
310.0,0.4,0.7812,5.84,229.13,0.174925870013557
311.0,0.4,0.7803,5.85,229.8,0.176978558023282
312.0,0.4,0.77905,5.85,230.2,0.173402270746377
313.0,0.4,0.77995,5.86,230.71,0.17520915358508
314.0,0.4,0.7809,5.89,230.47,0.174880502057833
315.0,0.4,0.7785,5.89,231.33,0.175975140289758
316.0,0.4,0.7836,5.83,231.46,0.172799131942264
317.0,0.4,0.7814,5.89,231.6,0.174057576680821
318.0,0.4,0.78165,5.91,231.57,0.17413221270058
319.0,0.4,0.7808,5.94,231.27,0.176916251373355
320.0,0.4,0.78235,5.95,231.82,0.174756194453874
321.0,0.4,0.78285,5.94,231.41,0.17393569932593
322.0,0.4,0.78115,5.94,231.63,0.17520966725612
323.0,0.4,0.78155,5.92,232.01,0.175756500591017
324.0,0.4,0.7814,5.94,232.44,0.175737133241669
325.0,0.4,0.7845,5.93,232.2,0.17234775890623
326.0,0.4,0.7814,5.94,231.78,0.17506296010293
327.0,0.4,0.78285,5.99,232.63,0.175130315765147
328.0,0.4,0.78265,5.93,233.34,0.175286130369747
329.0,0.4,0.785,5.98,232.94,0.175556258789027
330.0,0.4,0.7806,6.01,233.88,0.176898671560868
331.0,0.4,0.78285,5.94,232.43,0.176859061119299
332.0,0.4,0.7818,5.96,234.44,0.174441279518352
333.0,0.4,0.7838,5.95,233.36,0.174797196773861
334.0,0.4,0.78295,6.0,232.71,0.174390502895083
335.0,0.4,0.78315,5.97,234.16,0.174703541750017
336.0,0.4,0.78665,5.98,232.83,0.172125034495276
337.0,0.4,0.78405,6.04,233.91,0.175227987205241
338.0,0.4,0.78575,6.02,234.24,0.174631576468862
339.0,0.4,0.78485,6.02,235.1,0.173667001759113
340.0,0.4,0.78345,6.02,234.39,0.175995305335114
341.0,0.4,0.7856,6.0,235.66,0.175111792863873
342.0,0.4,0.7845,6.03,235.32,0.176354047302579
343.0,0.4,0.7854,6.06,234.47,0.173917624178804
344.0,0.4,0.78465,6.04,234.13,0.176220394676666
345.0,0.4,0.7846,6.04,235.76,0.17371626291168
346.0,0.4,0.7841,6.0,234.48,0.176580548192602
347.0,0.4,0.7858,6.05,236.74,0.17607345058242
348.0,0.4,0.7856,6.09,235.5,0.174088023712143
349.0,0.4,0.7866,6.09,235.32,0.174304159445494
350.0,0.4,0.7859,6.08,236.42,0.17343497340502
351.0,0.4,0.78545,6.06,236.57,0.173570007489774
352.0,0.4,0.78405,6.02,235.99,0.175159491606936
353.0,0.4,0.7863,6.04,236.54,0.175698064872667
354.0,0.4,0.78765,6.08,236.9,0.175287556603428
355.0,0.4,0.78635,6.17,236.84,0.174906910955513
356.0,0.4,0.7849,6.06,236.91,0.174765528637658
357.0,0.4,0.787,6.09,237.03,0.175372460779907
358.0,0.4,0.78705,6.09,237.39,0.173618972177582
359.0,0.4,0.7874,6.14,237.37,0.173714535949068
360.0,0.4,0.78565,6.12,236.51,0.175525859918133
361.0,0.4,0.78745,6.14,237.77,0.17441401176511
362.0,0.4,0.7871,6.12,237.77,0.174063465437179
363.0,0.4,0.786,6.12,236.12,0.174781291905055
364.0,0.4,0.7866,6.09,239.02,0.176041017947523
365.0,0.4,0.78895,6.15,238.72,0.174486811822556
366.0,0.4,0.78905,6.16,237.96,0.175429038360244
367.0,0.4,0.787,6.16,237.94,0.1731877593827
368.0,0.4,0.7872,6.11,238.46,0.176061523337724
369.0,0.4,0.7884,6.12,239.43,0.173952407284291
370.0,0.4,0.7891,6.15,238.63,0.173783457210403
371.0,0.4,0.7891,6.19,240.12,0.17328788186137
372.0,0.4,0.7895,6.16,239.5,0.172676721071487
373.0,0.4,0.7868,6.15,239.9,0.174150107665772
374.0,0.4,0.78925,6.12,239.13,0.173679841950642
375.0,0.4,0.79,6.16,240.11,0.174572334577962
376.0,0.4,0.78825,6.17,239.33,0.173603535390268
377.0,0.4,0.78795,6.2,239.12,0.175305583196885
378.0,0.4,0.79035,6.16,240.25,0.174888900448256
379.0,0.4,0.78655,6.21,239.71,0.175776413377905
380.0,0.4,0.7891,6.15,240.28,0.174807579927188
381.0,0.4,0.79025,6.21,241.22,0.173695674960547
382.0,0.4,0.7888,6.22,239.63,0.174508051390187
383.0,0.4,0.79235,6.18,240.31,0.17302377726775
384.0,0.4,0.78835,6.23,240.02,0.173857779521079
385.0,0.4,0.78875,6.22,241.76,0.174462567618387
386.0,0.4,0.79035,6.2,240.96,0.173760258689955
387.0,0.4,0.79025,6.3,241.69,0.175003392824254
388.0,0.4,0.7904,6.23,240.62,0.173237813424205
389.0,0.4,0.79055,6.19,240.59,0.174606550564404
390.0,0.4,0.7904,6.24,242.08,0.17347432086623
391.0,0.4,0.7914,6.21,242.09,0.173109907284361
392.0,0.4,0.79195,6.23,243.15,0.17356107714577
393.0,0.4,0.7911,6.29,242.17,0.17386428615446
394.0,0.4,0.7927,6.27,241.77,0.173507089192344
395.0,0.4,0.7901,6.3,240.61,0.173507896073925
396.0,0.4,0.79205,6.26,242.92,0.174712757118649
397.0,0.4,0.7916,6.31,241.39,0.175249650498938
398.0,0.4,0.7921,6.26,243.03,0.174622707572641
399.0,0.4,0.79155,6.31,242.1,0.173068909686287
400.0,0.4,0.7916,6.27,242.97,0.17314571897682
401.0,0.4,0.7915,6.3,242.52,0.174534380567268
402.0,0.4,0.79045,6.31,243.0,0.175456682688349
403.0,0.4,0.7912,6.29,242.96,0.174437839931593
404.0,0.4,0.7926,6.29,242.74,0.173438000449728
405.0,0.4,0.79285,6.32,244.0,0.173387218387054
406.0,0.4,0.79355,6.36,244.29,0.17350546821354
407.0,0.4,0.79395,6.32,243.77,0.174029157039848
408.0,0.4,0.79165,6.36,243.69,0.175550640841895
409.0,0.4,0.7939,6.36,243.8,0.173953413303677
410.0,0.4,0.79245,6.34,244.07,0.174227573879681
411.0,0.4,0.7946,6.36,244.96,0.174019654062408
412.0,0.4,0.79365,6.38,245.15,0.173674775082624
413.0,0.4,0.7936,6.38,244.24,0.173745618649795
414.0,0.4,0.79415,6.41,245.68,0.173690896422351
415.0,0.4,0.79375,6.37,244.33,0.173717263103009
416.0,0.4,0.79335,6.36,245.41,0.17355410539656
417.0,0.4,0.79465,6.36,244.28,0.174208574702854
418.0,0.4,0.7935,6.42,245.76,0.173714564731919
419.0,0.4,0.7934,6.4,245.47,0.173805753644694
420.0,0.4,0.79325,6.39,245.47,0.173560328128291
421.0,0.4,0.7937,6.39,245.69,0.174058352284514
422.0,0.4,0.7936,6.42,245.63,0.173616070684715
423.0,0.4,0.7941,6.38,246.3,0.174386610724563
424.0,0.4,0.79435,6.44,246.63,0.173664410573957
425.0,0.4,0.792,6.43,246.05,0.174156538780489
426.0,0.4,0.7936,6.34,247.66,0.173979998850443
427.0,0.4,0.79435,6.44,245.97,0.173998067518005
428.0,0.4,0.79465,6.44,246.47,0.174267402287404
429.0,0.4,0.7952,6.43,248.25,0.174406020538283
430.0,0.4,0.79375,6.42,246.9,0.174009159241691
431.0,0.4,0.7936,6.45,247.64,0.17391819916271
432.0,0.4,0.7954,6.42,247.37,0.174505988435927
433.0,0.4,0.79505,6.47,247.64,0.174654652099508
434.0,0.4,0.79415,6.45,248.11,0.174084828460151
435.0,0.4,0.79435,6.43,247.88,0.174236412669683
436.0,0.4,0.7953,6.43,248.77,0.174803918720377
437.0,0.4,0.79445,6.49,247.99,0.174453281711752
438.0,0.4,0.79455,6.47,247.7,0.174168158685794
439.0,0.4,0.79435,6.47,248.33,0.174355463063249
440.0,0.4,0.79395,6.47,248.42,0.174321965053174
441.0,0.4,0.7941,6.46,249.17,0.174628720432809
442.0,0.4,0.79485,6.47,248.13,0.174581578352357
443.0,0.4,0.7949,6.47,248.41,0.17460237684522
444.0,0.4,0.7954,6.46,248.92,0.174589060367481
445.0,0.4,0.7945,6.54,249.21,0.174439817702266
446.0,0.4,0.79505,6.47,249.53,0.174538670500266
447.0,0.4,0.79405,6.52,249.72,0.173888894124955
448.0,0.4,0.7942,6.48,249.92,0.174475958229207
449.0,0.4,0.79615,6.49,249.75,0.17494549865601
450.0,0.4,0.79445,6.57,248.66,0.174527784321007
451.0,0.4,0.79545,6.56,249.57,0.175125804780449
452.0,0.4,0.79385,6.57,250.17,0.174047199058186
453.0,0.4,0.795,6.53,250.4,0.174864233049529
454.0,0.4,0.79555,6.57,249.77,0.174645204629271
455.0,0.4,0.79465,6.54,250.97,0.174336248382257
456.0,0.4,0.7949,6.54,250.57,0.17471831615489
457.0,0.4,0.79505,6.59,251.03,0.174800593534462
458.0,0.4,0.79525,6.57,251.16,0.174927663621281
459.0,0.4,0.79545,6.58,250.43,0.174940125471545
460.0,0.4,0.79475,6.57,250.78,0.174813293258837
461.0,0.4,0.79535,6.59,251.84,0.17487317547297
462.0,0.4,0.79525,6.59,251.57,0.174863339496877
463.0,0.4,0.79575,6.58,252.03,0.174967675586092
464.0,0.4,0.79465,6.59,252.17,0.174495350940934
465.0,0.4,0.7949,6.62,251.33,0.174642463335811
466.0,0.4,0.7951,6.6,252.36,0.174542229847106
467.0,0.4,0.79555,6.57,251.92,0.175115526153451
468.0,0.4,0.79395,6.58,251.95,0.174918974099439
469.0,0.4,0.79525,6.67,252.01,0.175234664093609
470.0,0.4,0.79625,6.62,251.45,0.175009106905898
471.0,0.4,0.79635,6.64,253.03,0.175268158830975
472.0,0.4,0.7956,6.63,252.43,0.175071813836494
473.0,0.4,0.7964,6.61,252.19,0.174971540543027
474.0,0.4,0.79605,6.64,252.64,0.175509679220264
475.0,0.4,0.79495,6.67,254.17,0.175106389089604
476.0,0.4,0.7964,6.63,252.33,0.175372574822861
477.0,0.4,0.7954,6.65,253.77,0.174882360459824
478.0,0.4,0.79635,6.67,253.65,0.1751882630201
479.0,0.4,0.7954,6.66,252.82,0.174995257078585
480.0,0.4,0.79505,6.65,253.84,0.174823475254327
481.0,0.4,0.7962,6.67,253.31,0.175251419395108
482.0,0.4,0.7953,6.65,253.04,0.174958309319678
483.0,0.4,0.7955,6.63,253.99,0.174819192310227
484.0,0.4,0.79535,6.65,254.14,0.174981791909901
485.0,0.4,0.796,6.62,253.52,0.175119958885332
486.0,0.4,0.79645,6.65,254.45,0.175086114526538
487.0,0.4,0.7945,6.65,253.29,0.174883532672462
488.0,0.4,0.7962,6.65,254.73,0.175120130196388
489.0,0.4,0.7966,6.68,254.68,0.175259635969039
490.0,0.4,0.79605,6.68,255.89,0.175120380024713
491.0,0.4,0.79485,6.67,255.52,0.175134883732511
492.0,0.4,0.7961,6.67,254.65,0.175323386916863
493.0,0.4,0.79545,6.66,255.24,0.17535406325489
494.0,0.4,0.79585,6.68,255.34,0.175269870485489
495.0,0.4,0.7959,6.68,255.77,0.175313119874127
496.0,0.4,0.79585,6.68,255.88,0.175015792144595
497.0,0.4,0.79505,6.68,255.92,0.175152069642355
498.0,0.4,0.79625,6.67,255.15,0.175237517387116
499.0,0.4,0.79635,6.68,255.63,0.175318075223293
500.0,0.4,0.7959,6.7,256.3,0.175124784082664
501.0,0.4,0.7958,6.69,256.49,0.174828086988333
502.0,0.4,0.7962,6.7,256.12,0.175122985356006
503.0,0.4,0.79595,6.69,256.66,0.175293603705327
504.0,0.4,0.796,6.68,256.71,0.175168490317181
505.0,0.4,0.79605,6.68,257.23,0.174968990109676
506.0,0.4,0.79605,6.71,256.75,0.17557661433118
507.0,0.4,0.79635,6.72,257.26,0.17544921629919
508.0,0.4,0.7963,6.69,256.41,0.175170802361581
509.0,0.4,0.79585,6.73,256.68,0.175188548427116
510.0,0.4,0.7964,6.68,257.12,0.175459510998977
511.0,0.4,0.79635,6.68,256.98,0.175328056796395
512.0,0.4,0.79645,6.71,258.01,0.175512528042872
513.0,0.4,0.7968,6.7,257.83,0.1754230885602
514.0,0.4,0.7963,6.7,256.19,0.1753690679681
515.0,0.4,0.7963,6.7,256.99,0.175471678626495
516.0,0.4,0.79655,6.73,258.35,0.175416212192602
517.0,0.4,0.7961,6.73,257.09,0.175026540844524
518.0,0.4,0.79675,6.72,258.32,0.175348759619223
519.0,0.4,0.79645,6.72,258.25,0.175273065529191
520.0,0.4,0.79585,6.7,258.39,0.175184267273063
521.0,0.4,0.79655,6.7,258.55,0.175290751324763
522.0,0.4,0.79615,6.74,258.55,0.175203959715527
523.0,0.4,0.79585,6.7,258.51,0.17505578396614
524.0,0.4,0.79645,6.71,258.51,0.175263080824228
525.0,0.4,0.7968,6.72,259.25,0.175430214045357
526.0,0.4,0.7968,6.73,258.27,0.175301910999281
527.0,0.4,0.7966,6.77,258.69,0.175255356551519
528.0,0.4,0.7965,6.72,259.0,0.175297604090872
529.0,0.4,0.7967,6.7,258.98,0.17529863091308
530.0,0.4,0.7971,6.75,259.33,0.17545537894291
531.0,0.4,0.79585,6.72,259.07,0.174947213467377
532.0,0.4,0.79605,6.72,259.09,0.175116097204112
533.0,0.4,0.79675,6.71,258.87,0.175228957367212
534.0,0.4,0.7965,6.77,259.8,0.175307586829549
535.0,0.4,0.79655,6.74,260.18,0.175373451525594
536.0,0.4,0.7969,6.74,259.52,0.175326523948888
537.0,0.4,0.79635,6.73,259.85,0.175106903062101
538.0,0.4,0.7968,6.72,260.21,0.175313319516801
539.0,0.4,0.79665,6.73,260.18,0.175294117128898
540.0,0.4,0.7968,6.76,261.55,0.175484358277312
541.0,0.4,0.797,6.74,260.7,0.175446573064281
542.0,0.4,0.79615,6.74,260.56,0.175125462169269
543.0,0.4,0.7966,6.74,260.15,0.175366587467511
544.0,0.4,0.7971,6.75,261.44,0.175451104299745
545.0,0.4,0.7966,6.78,261.07,0.175439277244293
546.0,0.4,0.79675,6.75,261.03,0.175310260680886
547.0,0.4,0.79695,6.76,261.31,0.175452123099152
548.0,0.4,0.797,6.75,261.3,0.175465096244239
549.0,0.4,0.79705,6.77,260.4,0.175450983183338
550.0,0.4,0.7968,6.78,262.07,0.175338985967183
551.0,0.4,0.7965,6.77,261.98,0.175270505219788
552.0,0.4,0.7968,6.77,262.76,0.175400285062482
553.0,0.4,0.7973,6.76,261.65,0.17561807993484
554.0,0.4,0.79695,6.76,261.95,0.175453547983504
555.0,0.4,0.7969,6.79,261.85,0.175493276224476
556.0,0.4,0.79655,6.76,261.56,0.175336383845453
557.0,0.4,0.7965,6.75,262.33,0.175328976498466
558.0,0.4,0.79705,6.78,262.86,0.17541820743583
559.0,0.4,0.797,6.78,261.97,0.175549138419988
560.0,0.4,0.79695,6.79,262.5,0.175457822567134
561.0,0.4,0.79715,6.77,262.95,0.175566589931
562.0,0.4,0.79725,6.77,263.11,0.175579575976251
563.0,0.4,0.79705,6.78,262.44,0.175529335155124
564.0,0.4,0.797,6.77,262.4,0.175549138419988
565.0,0.4,0.7969,6.78,262.87,0.175497549840447
566.0,0.4,0.79705,6.78,263.06,0.175473780092639
567.0,0.4,0.79675,6.79,263.04,0.175385824683753
568.0,0.4,0.7971,6.79,263.37,0.175674670911888
569.0,0.4,0.7969,6.79,263.85,0.175507521206358
570.0,0.4,0.7971,6.78,263.77,0.175545122404469
571.0,0.4,0.7967,6.78,263.42,0.175368497741185
572.0,0.4,0.797,6.78,263.28,0.175476494152351
573.0,0.4,0.7975,6.77,264.06,0.17567370321138
574.0,0.4,0.7969,6.76,264.4,0.175376423729075
575.0,0.4,0.7973,6.8,263.9,0.17561523282449
576.0,0.4,0.79695,6.82,264.92,0.175487741737136
577.0,0.4,0.79705,6.79,264.48,0.175500847576301
578.0,0.4,0.79695,6.78,264.4,0.175536171486107
579.0,0.4,0.7967,6.8,264.86,0.175292926269146
580.0,0.4,0.79695,6.78,263.67,0.175523353147095
581.0,0.4,0.79675,6.78,265.07,0.175428582334807
582.0,0.4,0.79695,6.78,264.13,0.175497713660321
583.0,0.4,0.797,6.81,264.45,0.175463671453666
584.0,0.4,0.7971,6.8,264.55,0.175582146017185
585.0,0.4,0.7969,6.8,265.32,0.175598661726108
586.0,0.4,0.79665,6.85,265.21,0.175349729112992
587.0,0.4,0.7966,6.8,264.02,0.175395096852791
588.0,0.4,0.7969,6.82,265.82,0.17553458348713
589.0,0.4,0.7971,6.83,265.9,0.175528031949316
590.0,0.4,0.79715,6.81,265.27,0.175526714490986
591.0,0.4,0.79695,6.8,264.87,0.175548988889141
592.0,0.4,0.7971,6.83,265.35,0.175622008871326
593.0,0.4,0.79725,6.81,265.93,0.17563082730546
594.0,0.4,0.79715,6.8,265.83,0.175606456316389
595.0,0.4,0.79705,6.84,265.64,0.175550697805506
596.0,0.4,0.7977,6.81,266.52,0.17590966431666
597.0,0.4,0.797,6.83,266.14,0.175512107844444
598.0,0.4,0.7969,6.82,266.62,0.175436284730383
599.0,0.4,0.79745,6.87,266.94,0.175769017463261
600.0,0.4,0.79675,6.85,266.5,0.175464205751487
601.0,0.4,0.79735,6.84,266.75,0.175797404702117
602.0,0.4,0.79735,6.86,266.83,0.175575418268048
603.0,0.4,0.7975,6.84,267.05,0.175790358097366
604.0,0.4,0.7974,6.83,267.22,0.175852893066904
605.0,0.4,0.79735,6.89,267.87,0.175731976316207
606.0,0.4,0.79735,6.88,266.74,0.175626670810557
607.0,0.4,0.79745,6.86,267.17,0.175687926449145
608.0,0.4,0.79745,6.84,266.79,0.175761905713383
609.0,0.4,0.7968,6.84,267.34,0.175464412346208
610.0,0.4,0.79735,6.85,267.36,0.175727708401379
611.0,0.4,0.79755,6.85,267.25,0.17584864941193
612.0,0.4,0.79745,6.88,268.12,0.175773284375072
613.0,0.4,0.797,6.87,268.21,0.175635987200801
614.0,0.4,0.7974,6.86,268.08,0.175670828540199
615.0,0.4,0.79745,6.9,267.82,0.175716383698277
616.0,0.4,0.7974,6.88,267.87,0.175697865667173
617.0,0.4,0.79735,6.87,267.72,0.175773227483596
618.0,0.4,0.79765,6.86,268.29,0.175746201950426
619.0,0.4,0.7968,6.88,267.63,0.175397434416812
620.0,0.4,0.79745,6.87,268.47,0.175817369733482
621.0,0.4,0.79785,6.88,269.23,0.176089827928816
622.0,0.4,0.7977,6.9,268.64,0.175939506649303
623.0,0.4,0.79755,6.9,268.53,0.17581168192131
624.0,0.4,0.7973,6.88,269.0,0.175653664920491
625.0,0.4,0.79735,6.9,269.17,0.175693561350438
626.0,0.4,0.797,6.92,269.88,0.17548789132017
627.0,0.4,0.7974,6.93,268.81,0.175723475950142
628.0,0.4,0.7978,6.89,269.4,0.175851243953519
629.0,0.4,0.7975,6.91,269.4,0.175760490440827
630.0,0.4,0.79725,6.91,268.62,0.175610898010346
631.0,0.4,0.7975,6.91,269.75,0.175756223218411
632.0,0.4,0.7971,6.93,270.02,0.175542274110825
633.0,0.4,0.79755,6.9,269.62,0.175793195260795
634.0,0.4,0.7975,6.95,270.72,0.175618193818294
635.0,0.4,0.79725,6.92,269.95,0.175626556932601
636.0,0.4,0.7973,6.97,269.44,0.175603843921481
637.0,0.4,0.79735,6.92,270.15,0.175682177525212
638.0,0.4,0.79715,6.95,270.47,0.175556621920109
639.0,0.4,0.7974,6.9,271.23,0.17564805720531
640.0,0.4,0.7973,6.93,270.54,0.175663627424689
641.0,0.4,0.7973,6.95,270.86,0.175670743153207
642.0,0.4,0.79735,6.92,271.05,0.175662254055901
643.0,0.4,0.7974,6.94,270.71,0.175749082501161
644.0,0.4,0.79715,6.93,270.62,0.175592219360654
645.0,0.4,0.79725,6.95,270.29,0.175595237691687
646.0,0.4,0.7975,6.94,271.33,0.175744843452091
647.0,0.4,0.7973,6.93,271.2,0.175596725481998
648.0,0.4,0.7975,6.95,271.78,0.175798890781484
649.0,0.4,0.7973,6.93,271.12,0.175642278509475
650.0,0.4,0.7972,6.96,271.42,0.175568106443055
651.0,0.4,0.79725,6.94,271.56,0.175553944700767
652.0,0.4,0.7975,6.93,270.81,0.175761912825276
653.0,0.4,0.79745,6.96,271.86,0.175767595136305
654.0,0.4,0.79735,6.94,271.39,0.175675062259844
655.0,0.4,0.7974,6.94,272.05,0.175692173986208
656.0,0.4,0.7975,6.95,272.23,0.175769024574866
657.0,0.4,0.79745,6.94,271.56,0.175724919974374
658.0,0.4,0.7974,6.95,272.0,0.17567367474952
659.0,0.4,0.79735,6.95,271.56,0.175682177525212
660.0,0.4,0.79745,6.97,273.07,0.175724919974374
661.0,0.4,0.7975,6.97,271.77,0.175741998395375
662.0,0.4,0.7972,6.97,273.02,0.175580921514839
663.0,0.4,0.7975,6.96,272.53,0.175727772420867
664.0,0.4,0.79745,6.95,272.16,0.175769017463261
665.0,0.4,0.7975,6.97,273.16,0.1757306177079
666.0,0.4,0.7974,6.96,272.88,0.175633823621762
667.0,0.4,0.7973,6.96,273.71,0.175625197508786
668.0,0.4,0.7975,6.96,273.12,0.17576617990956
669.0,0.4,0.79735,6.96,272.98,0.175673639172188
670.0,0.4,0.79745,6.99,272.82,0.175699309901889
671.0,0.4,0.79745,6.97,272.47,0.17569788701063
672.0,0.4,0.7974,6.98,272.14,0.175703557163764
673.0,0.4,0.79735,6.96,273.46,0.175630941180647
674.0,0.4,0.7975,6.98,273.2,0.175796046599462
675.0,0.4,0.7973,6.96,274.08,0.175589606753931
676.0,0.4,0.79735,6.99,273.43,0.175706367272219
677.0,0.4,0.7975,6.98,273.97,0.17578182499906
678.0,0.4,0.79755,6.98,273.68,0.17581168192131
679.0,0.4,0.7975,6.97,273.03,0.175763335198215
680.0,0.4,0.79765,6.98,274.36,0.175838640520222
681.0,0.4,0.7973,6.98,274.06,0.175630891360262
682.0,0.4,0.7974,6.97,273.79,0.175692173986208
683.0,0.4,0.7975,6.98,274.69,0.175754800787916
684.0,0.4,0.7973,6.96,275.0,0.175576792316069
685.0,0.4,0.7975,6.99,274.59,0.175734885552073
686.0,0.4,0.79745,6.97,274.09,0.175695041193541
687.0,0.4,0.79765,6.98,274.74,0.175885552277611
688.0,0.4,0.7972,6.98,274.02,0.175569530386112
689.0,0.4,0.79735,6.96,274.65,0.175703521592483
690.0,0.4,0.7977,6.98,274.69,0.175868445151482
691.0,0.4,0.7977,6.98,273.86,0.175861337422414
692.0,0.4,0.79735,6.98,274.73,0.175672216073003
693.0,0.4,0.7975,6.97,274.45,0.17569077949625
694.0,0.4,0.79765,6.98,274.09,0.175859965597631
695.0,0.4,0.7974,6.99,274.73,0.175709248475998
696.0,0.4,0.7977,7.0,274.87,0.175864180548513
697.0,0.4,0.7972,6.98,274.62,0.175555290435805
698.0,0.4,0.79745,6.99,274.57,0.17573345583582
699.0,0.4,0.7977,6.98,275.04,0.175857072647079
700.0,0.4,0.7976,6.98,274.98,0.175837254300674
701.0,0.4,0.79755,6.99,275.25,0.175754793675734
702.0,0.4,0.79755,6.98,275.38,0.175791773129461
703.0,0.4,0.7973,7.0,276.26,0.175663627424689
704.0,0.4,0.7976,6.99,275.16,0.17580597259479
705.0,0.4,0.7973,6.97,276.05,0.175694934474503
706.0,0.4,0.79755,6.98,276.21,0.175793195260795
707.0,0.4,0.79775,7.0,276.15,0.175939442706858
708.0,0.4,0.79745,6.99,275.6,0.17573345583582
709.0,0.4,0.79735,7.0,276.38,0.175649444917995
710.0,0.4,0.79755,6.97,275.69,0.175784662300213
711.0,0.4,0.7975,6.98,276.12,0.175763335198215
712.0,0.4,0.7976,6.97,276.25,0.175902643527606
713.0,0.4,0.7975,7.0,275.83,0.175773291486506
714.0,0.4,0.7975,7.0,276.82,0.175703585620783
715.0,0.4,0.79735,7.02,276.53,0.175700675866657
716.0,0.4,0.79745,6.99,276.56,0.175700732781625
717.0,0.4,0.79765,7.04,275.97,0.175832953396114
718.0,0.4,0.7976,7.0,276.58,0.175842941285682
719.0,0.4,0.79755,7.0,277.23,0.175797461585769
720.0,0.4,0.79755,6.98,277.43,0.175788928832279
721.0,0.4,0.79745,7.03,276.81,0.175724919974374
722.0,0.4,0.7975,7.01,277.06,0.175734885552073
723.0,0.4,0.79745,7.0,277.38,0.175739146179786
724.0,0.4,0.79765,7.0,276.7,0.175878445239887
725.0,0.4,0.7975,7.01,276.78,0.17578609159999
726.0,0.4,0.79755,7.02,277.47,0.175774706655992
727.0,0.4,0.79765,7.01,277.65,0.175858544006255
728.0,0.4,0.7977,7.01,277.12,0.175869866662826
729.0,0.4,0.7974,7.03,277.66,0.17573912484134
730.0,0.4,0.7977,7.01,277.11,0.175903979488811
731.0,0.4,0.7976,7.01,277.74,0.175796018157409
732.0,0.4,0.79745,7.02,278.46,0.175729187956924
733.0,0.4,0.79755,7.0,278.1,0.175784662300213
734.0,0.4,0.7974,7.01,277.73,0.175726321306741
735.0,0.4,0.79755,7.0,277.55,0.175791773129461
736.0,0.4,0.7976,7.05,278.3,0.175850049758309
737.0,0.4,0.79765,7.03,278.08,0.17582442236504
738.0,0.4,0.79755,7.04,278.39,0.175805993925122
739.0,0.4,0.79765,7.02,277.57,0.175861387177515
740.0,0.4,0.79755,7.02,278.58,0.175803149858016
741.0,0.4,0.79745,7.05,278.07,0.175760483328876
742.0,0.4,0.79755,7.0,278.06,0.175821635471861
743.0,0.4,0.7975,7.03,278.28,0.17574911095081
744.0,0.4,0.79765,7.02,277.48,0.175861387177515
745.0,0.4,0.79745,7.01,279.07,0.175744836339507
746.0,0.4,0.79755,7.03,278.43,0.175800305744899
747.0,0.4,0.7976,7.01,278.82,0.175813082562134
748.0,0.4,0.79755,7.03,278.53,0.175805993925122
749.0,0.4,0.7976,7.03,279.11,0.175848628086772
750.0,0.4,0.7976,7.04,278.32,0.175825879778831
751.0,0.4,0.7975,7.05,279.18,0.175757645637395
752.0,0.4,0.79765,7.03,278.68,0.175875602344384
753.0,0.4,0.7976,7.04,279.19,0.175766151462675
754.0,0.4,0.79765,7.02,278.96,0.175851435876993
755.0,0.4,0.7975,7.03,278.32,0.175744843452091
756.0,0.4,0.79755,7.03,279.43,0.175817369733482
757.0,0.4,0.79755,7.03,279.99,0.175774706655992
758.0,0.4,0.79755,7.04,279.4,0.175791773129461
759.0,0.4,0.79765,7.03,279.46,0.175855700789027
760.0,0.4,0.79745,7.04,279.39,0.175739146179786
761.0,0.4,0.79755,7.03,280.1,0.175803149858016
762.0,0.4,0.7975,7.03,278.95,0.175754800787916
763.0,0.4,0.79745,7.02,280.06,0.175749103838398
764.0,0.4,0.7975,7.04,280.31,0.175754800787916
765.0,0.4,0.79755,7.04,280.29,0.175791773129461
766.0,0.4,0.7976,7.03,279.78,0.175710671275253
767.0,0.4,0.79755,7.05,279.42,0.175794617380624
768.0,0.4,0.7975,7.03,280.12,0.175763335198215
769.0,0.4,0.7974,7.05,280.83,0.175720630547469
770.0,0.4,0.79745,7.04,280.21,0.175722074595084
771.0,0.4,0.79755,7.04,280.07,0.175788928832279
772.0,0.4,0.79735,7.06,279.92,0.175679331453646
773.0,0.4,0.7975,7.04,280.72,0.175759068044867
774.0,0.4,0.7974,7.03,280.35,0.175700711438514
775.0,0.4,0.79755,7.04,281.11,0.175787506666429
776.0,0.4,0.79745,7.05,280.7,0.175757638525329
777.0,0.4,0.79755,7.05,279.75,0.175774706655992
778.0,0.4,0.79755,7.04,280.43,0.175683657464205
779.0,0.4,0.79765,7.04,280.64,0.175737666708079
780.0,0.4,0.7976,7.04,280.99,0.175840097816169
781.0,0.4,0.7974,7.06,280.38,0.175699288558605
782.0,0.4,0.79745,7.04,280.53,0.175746258850651
783.0,0.4,0.7975,7.05,280.34,0.175736308143764
784.0,0.4,0.7975,7.05,281.15,0.175750533427356
785.0,0.4,0.7975,7.06,281.34,0.175778980540905
786.0,0.4,0.79755,7.04,280.54,0.175786084489074
787.0,0.4,0.7976,7.04,280.93,0.175810238609701
788.0,0.4,0.79735,7.06,280.79,0.175635211446907
789.0,0.4,0.79765,7.05,281.4,0.175835796981161
790.0,0.4,0.79755,7.05,281.25,0.175787506666429
791.0,0.4,0.7975,7.07,281.02,0.175778980540905
792.0,0.4,0.79755,7.05,281.57,0.175788928832279
793.0,0.4,0.7975,7.06,281.23,0.175756223218411
794.0,0.4,0.79755,7.07,281.56,0.175786084489074
795.0,0.4,0.79755,7.05,281.13,0.175683657464205
796.0,0.4,0.79745,7.05,281.97,0.175727765307592
797.0,0.4,0.79745,7.1,282.23,0.175705001351698
798.0,0.4,0.7974,7.07,282.42,0.175700711438514
799.0,0.4,0.79745,7.07,281.59,0.175705001351698
800.0,0.4,0.79735,7.05,281.55,0.175639481609347
801.0,0.4,0.79745,7.07,281.23,0.175727765307592
802.0,0.4,0.79755,7.06,282.22,0.175787506666429
803.0,0.4,0.7974,7.06,281.95,0.17568932807658
804.0,0.4,0.79745,7.05,282.18,0.175710692617154
805.0,0.4,0.79745,7.06,282.21,0.175719229169719
806.0,0.4,0.7974,7.09,282.33,0.17571778509872
807.0,0.4,0.79765,7.06,281.59,0.175847170861518
808.0,0.4,0.7974,7.07,282.16,0.175685059125698
809.0,0.4,0.79745,7.06,282.04,0.175714960945277
810.0,0.4,0.7976,7.06,282.64,0.175832988941211
811.0,0.4,0.79745,7.08,282.8,0.175727765307592
812.0,0.4,0.79755,7.06,282.9,0.175786084489074
813.0,0.4,0.79745,7.07,282.48,0.175699309901889
814.0,0.4,0.79745,7.07,283.24,0.175727765307592
815.0,0.4,0.7975,7.07,282.78,0.175756223218411
816.0,0.4,0.79745,7.05,282.82,0.175707847007469
817.0,0.4,0.79745,7.07,283.43,0.175706424185344
818.0,0.4,0.79755,7.07,283.15,0.175788928832279
819.0,0.4,0.7975,7.07,282.45,0.17574911095081
820.0,0.4,0.79745,7.07,283.26,0.175707847007469
821.0,0.4,0.79745,7.09,283.44,0.175727765307592
822.0,0.4,0.7975,7.09,283.11,0.175741998395375
823.0,0.4,0.7974,7.06,283.09,0.175699288558605
824.0,0.4,0.7975,7.1,283.71,0.175653778780873
825.0,0.4,0.7975,7.08,282.75,0.175757645637395
826.0,0.4,0.7975,7.06,283.68,0.175756223218411
827.0,0.4,0.79745,7.06,282.95,0.175713538180756
828.0,0.4,0.79745,7.06,283.52,0.175727765307592
829.0,0.4,0.7974,7.08,283.54,0.175572606063702
830.0,0.4,0.79735,7.07,283.28,0.175639481609347
831.0,0.4,0.79745,7.07,283.23,0.175621033763043
832.0,0.4,0.7975,7.08,283.74,0.175736308143764
833.0,0.4,0.7975,7.07,283.54,0.17574911095081
834.0,0.4,0.7974,7.07,283.75,0.175685059125698
835.0,0.4,0.79745,7.08,283.55,0.175710692617154
836.0,0.4,0.79765,7.08,284.23,0.175869916415514
837.0,0.4,0.79745,7.09,283.98,0.175719229169719
838.0,0.4,0.79755,7.07,284.55,0.175778973429702
839.0,0.4,0.7974,7.07,284.02,0.175670828540199
840.0,0.4,0.7975,7.09,284.13,0.175746265963178
841.0,0.4,0.7974,7.08,284.32,0.175687905104478
842.0,0.4,0.7974,7.08,283.45,0.17568932807658
843.0,0.4,0.79745,7.08,284.22,0.175717806439757
844.0,0.4,0.7974,7.07,283.68,0.17568932807658
845.0,0.4,0.79745,7.09,285.07,0.175719229169719
846.0,0.4,0.79735,7.09,284.26,0.175632364614271
847.0,0.4,0.7974,7.09,284.98,0.17568932807658
848.0,0.4,0.79745,7.06,283.82,0.175690772381478
849.0,0.4,0.79745,7.08,285.01,0.175727765307592
850.0,0.4,0.79755,7.08,284.53,0.175771862082644
851.0,0.4,0.79745,7.1,284.62,0.175707847007469
852.0,0.4,0.7973,7.09,284.85,0.175619503472707
853.0,0.4,0.79735,7.08,284.7,0.17564659831605
854.0,0.4,0.7974,7.08,284.33,0.175687905104478
855.0,0.4,0.79745,7.09,285.11,0.175717806439757
856.0,0.4,0.79745,7.08,284.87,0.175751948780092
857.0,0.4,0.79735,7.09,285.12,0.175640904973756
858.0,0.4,0.7974,7.1,285.22,0.175687905104478
859.0,0.4,0.7974,7.08,285.33,0.175710671275253
860.0,0.4,0.7975,7.08,285.28,0.175783247210876
861.0,0.4,0.7973,7.11,285.13,0.17561807993484
862.0,0.4,0.79735,7.09,285.37,0.175649444917995
863.0,0.4,0.79745,7.09,285.37,0.17572065188816
864.0,0.4,0.79745,7.08,285.87,0.175714960945277
865.0,0.4,0.79745,7.08,284.89,0.175727765307592
866.0,0.4,0.7974,7.08,285.71,0.175676520912728
867.0,0.4,0.79725,7.08,285.31,0.175595237691687
868.0,0.4,0.79725,7.1,285.9,0.175596661414733
869.0,0.4,0.79735,7.09,285.88,0.175626670810557
870.0,0.4,0.7975,7.08,286.33,0.175767602247968
871.0,0.4,0.7973,7.1,285.33,0.175619503472707
872.0,0.4,0.7975,7.08,285.87,0.17565520202943
873.0,0.4,0.7974,7.09,285.64,0.175680790071084
874.0,0.4,0.79735,7.08,285.1,0.175660830864481
875.0,0.4,0.79745,7.09,286.17,0.175726342646742
876.0,0.4,0.7974,7.08,285.85,0.175700711438514
877.0,0.4,0.7974,7.1,285.83,0.175685059125698
878.0,0.4,0.79735,7.08,286.48,0.175656561221037
879.0,0.4,0.79745,7.1,286.24,0.175683657464205
880.0,0.4,0.7974,7.1,286.03,0.175690751037156
881.0,0.4,0.79745,7.09,286.37,0.175716383698277
882.0,0.4,0.79725,7.08,285.98,0.175582423664785
883.0,0.4,0.79755,7.1,286.59,0.175798883671086
884.0,0.4,0.79735,7.11,286.57,0.175636634845923
885.0,0.4,0.79735,7.08,285.63,0.175672216073003
886.0,0.4,0.7974,7.08,286.58,0.175687905104478
887.0,0.4,0.79745,7.08,286.49,0.175709269818072
888.0,0.4,0.79725,7.08,286.96,0.175579575976251
889.0,0.4,0.79735,7.09,286.43,0.175645174997778
890.0,0.4,0.7974,7.1,286.86,0.175670828540199
891.0,0.4,0.79735,7.12,286.64,0.175613859077238
892.0,0.4,0.79745,7.1,287.28,0.175736301030835
893.0,0.4,0.7974,7.09,286.59,0.175687905104478
894.0,0.4,0.7974,7.09,286.76,0.175682213100814
895.0,0.4,0.7974,7.1,287.22,0.175670828540199
896.0,0.4,0.7974,7.08,287.24,0.175679367029825
897.0,0.4,0.79725,7.08,286.9,0.175580999826291
898.0,0.4,0.7975,7.1,287.36,0.175760490440827
899.0,0.4,0.79735,7.09,286.83,0.175635211446907
900.0,0.4,0.7973,7.08,287.42,0.17561807993484
901.0,0.4,0.7974,7.08,287.33,0.175675097836888
902.0,0.4,0.7974,7.09,286.63,0.175687905104478
903.0,0.4,0.79725,7.1,287.88,0.175588118903302
904.0,0.4,0.79715,7.1,287.26,0.175519592923411
905.0,0.4,0.79745,7.09,286.94,0.175726342646742
906.0,0.4,0.7972,7.1,287.83,0.175525382779813
907.0,0.4,0.79735,7.08,287.87,0.175635211446907
908.0,0.4,0.79725,7.1,287.31,0.175569608702646
909.0,0.4,0.7974,7.11,287.21,0.175699288558605
910.0,0.4,0.79725,7.09,287.49,0.175572456552844
911.0,0.4,0.7972,7.09,287.64,0.175548170027488
912.0,0.4,0.7973,7.1,287.67,0.175595301759472
913.0,0.4,0.79735,7.1,287.46,0.175655137983493
914.0,0.4,0.7973,7.09,287.74,0.175609538465312
915.0,0.4,0.79735,7.12,287.59,0.17564802162279
916.0,0.4,0.7974,7.09,287.58,0.175686482120851
917.0,0.4,0.79745,7.1,288.18,0.175706424185344
918.0,0.4,0.7973,7.12,287.57,0.175622350513823
919.0,0.4,0.7974,7.13,288.13,0.175679367029825
920.0,0.4,0.7974,7.12,288.2,0.17567794397704
921.0,0.4,0.79735,7.11,288.33,0.175649444917995
922.0,0.4,0.7974,7.09,288.26,0.17567367474952
923.0,0.4,0.7974,7.09,288.12,0.175690751037156
924.0,0.4,0.7973,7.12,287.62,0.17560669121648
925.0,0.4,0.79735,7.09,288.46,0.175633788036357
926.0,0.4,0.7975,7.11,287.9,0.175757645637395
927.0,0.4,0.79735,7.14,289.01,0.175645174997778
928.0,0.4,0.7973,7.09,288.28,0.175629467914698
929.0,0.4,0.7973,7.13,287.6,0.17560669121648
930.0,0.4,0.7974,7.11,289.05,0.175676520912728
931.0,0.4,0.79725,7.14,288.32,0.175588118903302
932.0,0.4,0.7974,7.12,288.95,0.175675097836888
933.0,0.4,0.79735,7.12,288.17,0.175657984447049
934.0,0.4,0.79725,7.13,288.07,0.175572456552844
935.0,0.4,0.79735,7.12,288.0,0.175667946706279
936.0,0.4,0.79735,7.12,288.72,0.175642328326631
937.0,0.4,0.79745,7.11,288.42,0.175716383698277
938.0,0.4,0.79725,7.13,288.53,0.175585271307135
939.0,0.4,0.7973,7.13,288.95,0.175609538465312
940.0,0.4,0.7973,7.13,289.3,0.175620926999034
941.0,0.4,0.7975,7.14,289.35,0.175774713767368
942.0,0.4,0.7973,7.13,289.38,0.175629467914698
943.0,0.4,0.7973,7.16,289.27,0.175629467914698
944.0,0.4,0.79735,7.13,289.77,0.175656561221037
945.0,0.4,0.79725,7.14,289.39,0.175579575976251
946.0,0.4,0.79735,7.15,289.59,0.175653714734417
947.0,0.4,0.7973,7.15,289.5,0.175616656385435
948.0,0.4,0.7973,7.14,289.19,0.175626620988961
949.0,0.4,0.7973,7.15,288.73,0.175629467914698
950.0,0.4,0.7974,7.14,289.65,0.175676520912728
951.0,0.4,0.7972,7.14,289.62,0.175531079869065
952.0,0.4,0.79735,7.16,289.18,0.175656561221037
953.0,0.4,0.79725,7.14,289.48,0.175586695110992
954.0,0.4,0.79745,7.15,290.18,0.175740568736988
955.0,0.4,0.7973,7.14,289.99,0.175613809252006
956.0,0.4,0.79735,7.15,289.92,0.175640904973756
957.0,0.4,0.7972,7.14,289.1,0.175548170027488
958.0,0.4,0.79735,7.15,289.56,0.175656561221037
959.0,0.4,0.7973,7.16,288.88,0.175626620988961
960.0,0.4,0.79735,7.14,289.85,0.175656561221037
961.0,0.4,0.79735,7.14,290.25,0.175656561221037
962.0,0.4,0.7974,7.16,289.42,0.175699288558605
963.0,0.4,0.79735,7.16,289.19,0.175676485335972
964.0,0.4,0.79725,7.16,289.9,0.175586695110992
965.0,0.4,0.7973,7.15,289.84,0.175629467914698
966.0,0.4,0.79735,7.14,289.95,0.175667946706279
967.0,0.4,0.79725,7.16,289.9,0.175586695110992
968.0,0.4,0.7972,7.15,290.8,0.175548170027488
969.0,0.4,0.79735,7.15,290.37,0.175667946706279
970.0,0.4,0.7973,7.15,290.94,0.175626620988961
971.0,0.4,0.7974,7.16,290.29,0.175699288558605
972.0,0.4,0.79745,7.15,290.49,0.175726342646742
973.0,0.4,0.7972,7.14,290.49,0.175543897643865
974.0,0.4,0.79735,7.16,290.33,0.175656561221037
975.0,0.4,0.79735,7.17,290.7,0.175653714734417
976.0,0.4,0.7973,7.14,290.94,0.175626620988961
977.0,0.4,0.79725,7.15,291.13,0.175586695110992
978.0,0.4,0.79735,7.14,290.94,0.175656561221037
979.0,0.4,0.7973,7.14,290.86,0.175626620988961
980.0,0.4,0.7973,7.15,290.44,0.175626620988961
981.0,0.4,0.79735,7.16,291.49,0.175669369840049
982.0,0.4,0.7973,7.15,291.3,0.175626620988961
983.0,0.4,0.7973,7.15,290.98,0.175626620988961
984.0,0.4,0.79725,7.16,290.74,0.175596661414733
985.0,0.4,0.7973,7.14,291.02,0.175613809252006
986.0,0.4,0.7973,7.14,291.15,0.175626620988961
987.0,0.4,0.7973,7.16,291.15,0.175626620988961
988.0,0.4,0.7973,7.15,291.25,0.175626620988961
989.0,0.4,0.79725,7.16,291.13,0.175583847491733
990.0,0.4,0.7973,7.14,291.31,0.175626620988961
991.0,0.4,0.7973,7.14,291.82,0.175638008415035
992.0,0.4,0.7973,7.14,291.0,0.175626620988961
993.0,0.4,0.7973,7.14,291.4,0.175626620988961
994.0,0.4,0.7972,7.15,291.63,0.175543897643865
995.0,0.4,0.7972,7.15,291.44,0.175553866377246
996.0,0.4,0.7973,7.14,291.22,0.175626620988961
997.0,0.4,0.7973,7.16,291.9,0.175626620988961
998.0,0.4,0.7972,7.15,291.62,0.175543897643865
999.0,0.4,0.7973,7.15,291.1,0.175639431791383
1000.0,0.4,0.79725,7.16,291.03,0.175583847491733
1001.0,0.4,0.7973,7.16,291.54,0.175665050593452
1.0,0.6,0.54935,0.0,0.0,0.0383774347761806
2.0,0.6,0.55355,4.44,3834.23,0.0439220616547084
3.0,0.6,0.5593,4.12,3035.85,0.0498699308200845
4.0,0.6,0.55865,4.02,2511.93,0.0503182620924057
5.0,0.6,0.5602,3.56,2153.38,0.0498794546882778
6.0,0.6,0.56135,3.33,1908.06,0.0537719954995162
7.0,0.6,0.5611,3.22,1723.14,0.0532380503023914
8.0,0.6,0.5616,3.04,1578.16,0.0541889287585577
9.0,0.6,0.5617,2.86,1467.8,0.0535220515301875
10.0,0.6,0.5618,2.99,1382.76,0.0535794736816258
11.0,0.6,0.5613,2.88,1305.63,0.0553923279886305
12.0,0.6,0.5611,2.66,1243.81,0.0557385862755773
13.0,0.6,0.5604,2.61,1192.07,0.0553880853613843
14.0,0.6,0.5607,2.75,1144.8,0.0545986263563477
15.0,0.6,0.56025,2.58,1102.98,0.0542972144773558
16.0,0.6,0.5613,2.54,1068.27,0.0545418188182242
17.0,0.6,0.5607,2.56,1035.9,0.055127216508727
18.0,0.6,0.56035,2.73,1012.73,0.0554718622366331
19.0,0.6,0.5603,2.7,988.88,0.0550627823488785
20.0,0.6,0.5609,2.43,967.27,0.0550244491112812
21.0,0.6,0.5608,2.59,947.41,0.0553205206049265
22.0,0.6,0.56045,2.57,929.64,0.0550867270764931
23.0,0.6,0.5613,2.43,913.69,0.0554464606625168
24.0,0.6,0.56085,2.43,891.59,0.0552406326900778
25.0,0.6,0.56095,2.46,883.5,0.0552480542643816
26.0,0.6,0.56105,2.39,866.98,0.0550830963181984
27.0,0.6,0.56095,2.42,856.96,0.0550395085370505
28.0,0.6,0.56085,2.38,847.13,0.0553129957604906
29.0,0.6,0.56095,2.48,833.97,0.0550667549434324
30.0,0.6,0.5608,2.49,827.13,0.0551938402360271
31.0,0.6,0.561,2.38,813.43,0.0551905789061859
32.0,0.6,0.56095,2.55,811.29,0.0552390034305474
33.0,0.6,0.5608,2.38,799.27,0.0553024411757754
34.0,0.6,0.5608,2.26,794.29,0.0553024411757754
35.0,0.6,0.5611,2.45,785.26,0.0551841462740883
36.0,0.6,0.56085,2.4,781.4,0.0551862981182833
37.0,0.6,0.5608,2.49,769.04,0.0550169064924599
38.0,0.6,0.56105,2.33,768.47,0.0551692622752916
39.0,0.6,0.56095,2.31,763.56,0.0552571036157346
40.0,0.6,0.56095,2.36,756.76,0.0551937269986368
41.0,0.6,0.5609,2.29,746.87,0.0551741787433211
42.0,0.6,0.561,2.4,744.13,0.0552584835115834
43.0,0.6,0.56095,2.39,740.45,0.0552163698553252
44.0,0.6,0.56095,2.33,735.91,0.0551846672545923
45.0,0.6,0.5609,2.28,732.29,0.0549653527233288
46.0,0.6,0.561,2.38,725.05,0.0552720544217412
47.0,0.6,0.5608,2.35,723.46,0.0550078176262252
48.0,0.6,0.56095,2.24,718.43,0.0552661514853355
49.0,0.6,0.561,2.27,715.86,0.0552086949673685
50.0,0.6,0.5611,2.34,710.99,0.0552294305601638
51.0,0.6,0.5609,2.34,706.72,0.0549380560267651
52.0,0.6,0.56105,2.25,703.87,0.0552236136086721
53.0,0.6,0.561,2.24,701.58,0.0551815186452848
54.0,0.6,0.56095,2.37,700.06,0.0552163698553252
55.0,0.6,0.561,2.21,697.27,0.0551815186452848
56.0,0.6,0.56095,2.26,692.99,0.0549303877648797
57.0,0.6,0.561,2.25,690.05,0.0551815186452848
58.0,0.6,0.56105,2.27,689.75,0.0552236136086721
59.0,0.6,0.56095,2.3,686.68,0.0551891973125179
60.0,0.6,0.56095,2.32,680.44,0.0551891973125179
61.0,0.6,0.561,2.3,679.2,0.0552086949673685
62.0,0.6,0.56095,2.13,679.42,0.0551891973125179
63.0,0.6,0.561,2.28,675.73,0.0551815186452848
64.0,0.6,0.56105,2.3,675.43,0.0549786094767767
65.0,0.6,0.561,2.31,670.4,0.0551951084789214
66.0,0.6,0.561,2.3,667.76,0.0551815186452848
67.0,0.6,0.561,2.21,666.81,0.0551815186452848
68.0,0.6,0.56095,2.24,664.27,0.0551891973125179
69.0,0.6,0.56095,2.22,663.6,0.0551891973125179
70.0,0.6,0.56095,2.2,660.1,0.0551891973125179
71.0,0.6,0.56095,2.23,660.11,0.0551891973125179
72.0,0.6,0.561,2.22,660.19,0.0551951084789214
73.0,0.6,0.56095,2.25,655.24,0.0552027852558191
74.0,0.6,0.561,2.29,655.1,0.0551815186452848
75.0,0.6,0.56095,2.17,651.26,0.0551891973125179
76.0,0.6,0.561,2.22,653.14,0.0551815186452848
77.0,0.6,0.56105,2.24,648.22,0.0551873853339689
78.0,0.6,0.56095,2.23,650.39,0.0551891973125179
79.0,0.6,0.56105,2.18,647.08,0.0551873853339689
80.0,0.6,0.56105,2.24,645.29,0.0551873853339689
81.0,0.6,0.56095,2.25,643.96,0.0551891973125179
82.0,0.6,0.56105,2.19,644.15,0.0551873853339689
83.0,0.6,0.5609,2.2,643.34,0.0551968296191001
84.0,0.6,0.5609,2.17,641.53,0.0551968296191001
85.0,0.6,0.56105,2.24,639.82,0.0552371930858177
86.0,0.6,0.56095,2.32,640.69,0.0551891973125179
87.0,0.6,0.56095,2.2,637.05,0.0551891973125179
88.0,0.6,0.5609,2.2,635.84,0.0551968296191001
89.0,0.6,0.561,2.18,637.14,0.0551951084789214
90.0,0.6,0.561,2.19,632.6,0.0551951084789214
91.0,0.6,0.56095,2.19,634.16,0.0551891973125179
92.0,0.6,0.561,2.19,630.88,0.0551815186452848
93.0,0.6,0.561,2.22,631.65,0.0551951084789214
94.0,0.6,0.561,2.19,628.52,0.0551951084789214
95.0,0.6,0.56105,2.24,627.76,0.0551873853339689
96.0,0.6,0.561,2.2,629.05,0.0551815186452848
97.0,0.6,0.56095,2.16,626.65,0.0552027852558191
98.0,0.6,0.56105,2.22,628.1,0.0551873853339689
99.0,0.6,0.561,2.2,625.9,0.0551815186452848
100.0,0.6,0.56095,2.26,623.95,0.0551891973125179
101.0,0.6,0.56105,2.29,623.58,0.0551873853339689
102.0,0.6,0.56105,2.14,622.43,0.0551873853339689
103.0,0.6,0.56105,2.2,621.38,0.0551873853339689
104.0,0.6,0.56095,2.17,620.48,0.0551891973125179
105.0,0.6,0.56095,2.19,619.49,0.0551891973125179
106.0,0.6,0.56105,2.24,618.76,0.0551873853339689
107.0,0.6,0.561,2.26,619.81,0.0551951084789214
108.0,0.6,0.561,2.17,616.63,0.0551951084789214
109.0,0.6,0.561,2.2,614.16,0.0551951084789214
110.0,0.6,0.561,2.18,614.34,0.0551951084789214
111.0,0.6,0.561,2.25,612.27,0.0551951084789214
112.0,0.6,0.56105,2.23,613.82,0.0551873853339689
113.0,0.6,0.561,2.17,611.19,0.0551951084789214
114.0,0.6,0.561,2.15,611.74,0.0551951084789214
115.0,0.6,0.561,2.13,610.82,0.0551951084789214
116.0,0.6,0.561,2.18,611.99,0.0551951084789214
117.0,0.6,0.561,2.18,609.79,0.0551951084789214
118.0,0.6,0.561,2.18,610.49,0.0551951084789214
119.0,0.6,0.561,2.18,609.03,0.0551951084789214
120.0,0.6,0.561,2.19,609.07,0.0551951084789214
121.0,0.6,0.561,2.16,608.04,0.0551951084789214
122.0,0.6,0.561,2.16,606.91,0.0551951084789214
123.0,0.6,0.561,2.2,604.94,0.0551951084789214
124.0,0.6,0.561,2.16,606.61,0.0551951084789214
125.0,0.6,0.561,2.16,604.95,0.0551951084789214
126.0,0.6,0.561,2.11,604.07,0.0551951084789214
127.0,0.6,0.561,2.13,603.38,0.0551951084789214
128.0,0.6,0.561,2.19,604.61,0.0551951084789214
129.0,0.6,0.561,2.2,603.42,0.0551951084789214
130.0,0.6,0.561,2.15,603.35,0.0551951084789214
131.0,0.6,0.561,2.11,602.32,0.0551951084789214
132.0,0.6,0.561,2.14,601.18,0.0551951084789214
133.0,0.6,0.561,2.2,599.16,0.0551951084789214
134.0,0.6,0.561,2.14,600.0,0.0551951084789214
135.0,0.6,0.561,2.13,599.89,0.0551951084789214
136.0,0.6,0.561,2.18,600.5,0.0551951084789214
137.0,0.6,0.561,2.14,597.44,0.0551951084789214
138.0,0.6,0.561,2.15,598.03,0.0551951084789214
139.0,0.6,0.561,2.2,598.97,0.0551951084789214
140.0,0.6,0.561,2.18,596.37,0.0551951084789214
141.0,0.6,0.561,2.2,595.55,0.0551951084789214
142.0,0.6,0.561,2.16,596.78,0.0551951084789214
143.0,0.6,0.561,2.17,596.86,0.0551951084789214
144.0,0.6,0.561,2.15,592.98,0.0551951084789214
145.0,0.6,0.561,2.12,596.05,0.0551951084789214
146.0,0.6,0.561,2.15,594.58,0.0551951084789214
147.0,0.6,0.561,2.16,594.36,0.0551951084789214
148.0,0.6,0.561,2.13,594.12,0.0551951084789214
149.0,0.6,0.561,2.18,593.68,0.0551951084789214
150.0,0.6,0.561,2.13,593.96,0.0551951084789214
151.0,0.6,0.561,2.24,593.75,0.0551951084789214
152.0,0.6,0.561,2.18,593.47,0.0551951084789214
153.0,0.6,0.561,2.14,592.53,0.0551951084789214
154.0,0.6,0.561,2.2,593.96,0.0551951084789214
155.0,0.6,0.561,2.2,591.61,0.0551951084789214
156.0,0.6,0.561,2.17,588.96,0.0551951084789214
157.0,0.6,0.561,2.2,592.12,0.0551951084789214
158.0,0.6,0.561,2.19,588.45,0.0551951084789214
159.0,0.6,0.561,2.17,589.23,0.0551951084789214
160.0,0.6,0.561,2.18,588.56,0.0551951084789214
161.0,0.6,0.561,2.21,590.56,0.0551951084789214
162.0,0.6,0.561,2.18,588.17,0.0551951084789214
163.0,0.6,0.561,2.2,588.64,0.0551951084789214
164.0,0.6,0.561,2.16,588.04,0.0551951084789214
165.0,0.6,0.561,2.1,587.52,0.0551951084789214
166.0,0.6,0.561,2.2,588.63,0.0551951084789214
167.0,0.6,0.561,2.2,586.81,0.0551951084789214
168.0,0.6,0.561,2.2,587.09,0.0551951084789214
169.0,0.6,0.561,2.12,586.45,0.0551951084789214
170.0,0.6,0.561,2.19,585.52,0.0551951084789214
171.0,0.6,0.561,2.15,586.88,0.0551951084789214
172.0,0.6,0.561,2.18,584.39,0.0551951084789214
173.0,0.6,0.561,2.12,585.62,0.0551951084789214
174.0,0.6,0.561,2.23,586.38,0.0551951084789214
175.0,0.6,0.561,2.17,584.18,0.0551951084789214
176.0,0.6,0.561,2.17,584.44,0.0551951084789214
177.0,0.6,0.561,2.2,584.76,0.0551951084789214
178.0,0.6,0.561,2.18,582.96,0.0551951084789214
179.0,0.6,0.561,2.13,583.18,0.0551951084789214
180.0,0.6,0.561,2.16,584.38,0.0551951084789214
181.0,0.6,0.561,2.17,582.93,0.0551951084789214
182.0,0.6,0.561,2.17,582.2,0.0551951084789214
183.0,0.6,0.561,2.14,581.87,0.0551951084789214
184.0,0.6,0.561,2.13,583.33,0.0551951084789214
185.0,0.6,0.561,2.17,582.74,0.0551951084789214
186.0,0.6,0.561,2.18,582.35,0.0551951084789214
187.0,0.6,0.561,2.21,581.51,0.0551951084789214
188.0,0.6,0.561,2.18,581.08,0.0551951084789214
189.0,0.6,0.561,2.17,580.67,0.0551951084789214
190.0,0.6,0.561,2.2,581.06,0.0551951084789214
191.0,0.6,0.561,2.14,580.11,0.0551951084789214
192.0,0.6,0.561,2.15,581.13,0.0551951084789214
193.0,0.6,0.561,2.18,579.3,0.0551951084789214
194.0,0.6,0.561,2.2,577.62,0.0551951084789214
195.0,0.6,0.561,2.12,578.17,0.0551951084789214
196.0,0.6,0.561,2.2,578.66,0.0551951084789214
197.0,0.6,0.561,2.16,578.96,0.0551951084789214
198.0,0.6,0.561,2.18,579.08,0.0551951084789214
199.0,0.6,0.561,2.13,578.67,0.0551951084789214
200.0,0.6,0.561,2.24,577.8,0.0551951084789214
201.0,0.6,0.561,2.17,578.21,0.0551951084789214
202.0,0.6,0.561,2.16,576.74,0.0551951084789214
203.0,0.6,0.561,2.15,577.9,0.0551951084789214
204.0,0.6,0.561,2.13,576.74,0.0551951084789214
205.0,0.6,0.561,2.21,577.83,0.0551951084789214
206.0,0.6,0.561,2.12,576.92,0.0551951084789214
207.0,0.6,0.561,2.21,576.18,0.0551951084789214
208.0,0.6,0.561,2.19,576.21,0.0551951084789214
209.0,0.6,0.561,2.13,576.11,0.0551951084789214
210.0,0.6,0.561,2.15,575.6,0.0551951084789214
211.0,0.6,0.561,2.24,576.08,0.0551951084789214
212.0,0.6,0.561,2.15,574.68,0.0551951084789214
213.0,0.6,0.561,2.19,575.98,0.0551951084789214
214.0,0.6,0.561,2.19,574.67,0.0551951084789214
215.0,0.6,0.561,2.13,576.19,0.0551951084789214
216.0,0.6,0.561,2.15,573.86,0.0551951084789214
217.0,0.6,0.561,2.17,574.77,0.0551951084789214
218.0,0.6,0.561,2.17,574.48,0.0551951084789214
219.0,0.6,0.561,2.13,574.95,0.0551951084789214
220.0,0.6,0.561,2.15,573.49,0.0551951084789214
221.0,0.6,0.561,2.15,573.89,0.0551951084789214
222.0,0.6,0.561,2.16,572.71,0.0551951084789214
223.0,0.6,0.561,2.2,572.36,0.0551951084789214
224.0,0.6,0.561,2.2,571.99,0.0551951084789214
225.0,0.6,0.561,2.18,573.17,0.0551951084789214
226.0,0.6,0.561,2.12,573.16,0.0551951084789214
227.0,0.6,0.561,2.14,572.93,0.0551951084789214
228.0,0.6,0.561,2.16,574.15,0.0551951084789214
229.0,0.6,0.561,2.16,572.5,0.0551951084789214
230.0,0.6,0.561,2.14,572.86,0.0551951084789214
231.0,0.6,0.561,2.13,571.73,0.0551951084789214
232.0,0.6,0.561,2.14,571.26,0.0551951084789214
233.0,0.6,0.561,2.14,571.9,0.0551951084789214
234.0,0.6,0.561,2.15,572.5,0.0551951084789214
235.0,0.6,0.561,2.17,571.83,0.0551951084789214
236.0,0.6,0.561,2.09,571.17,0.0551951084789214
237.0,0.6,0.561,2.11,569.46,0.0551951084789214
238.0,0.6,0.561,2.13,570.85,0.0551951084789214
239.0,0.6,0.561,2.14,570.81,0.0551951084789214
240.0,0.6,0.561,2.2,570.98,0.0551951084789214
241.0,0.6,0.561,2.14,570.39,0.0551951084789214
242.0,0.6,0.561,2.15,570.64,0.0551951084789214
243.0,0.6,0.561,2.17,569.24,0.0551951084789214
244.0,0.6,0.561,2.15,569.13,0.0551951084789214
245.0,0.6,0.561,2.14,570.31,0.0551951084789214
246.0,0.6,0.561,2.16,569.99,0.0551951084789214
247.0,0.6,0.561,2.13,569.52,0.0551951084789214
248.0,0.6,0.561,2.1,568.6,0.0551951084789214
249.0,0.6,0.561,2.13,568.08,0.0551951084789214
250.0,0.6,0.561,2.09,567.72,0.0551951084789214
251.0,0.6,0.561,2.16,568.68,0.0551951084789214
252.0,0.6,0.561,2.17,568.38,0.0551951084789214
253.0,0.6,0.561,2.13,567.73,0.0551951084789214
254.0,0.6,0.561,2.12,567.05,0.0551951084789214
255.0,0.6,0.561,2.1,568.42,0.0551951084789214
256.0,0.6,0.561,2.16,569.16,0.0551951084789214
257.0,0.6,0.561,2.13,568.59,0.0551951084789214
258.0,0.6,0.561,2.2,567.58,0.0551951084789214
259.0,0.6,0.561,2.16,569.2,0.0551951084789214
260.0,0.6,0.561,2.13,567.56,0.0551951084789214
261.0,0.6,0.561,2.16,566.32,0.0551951084789214
262.0,0.6,0.561,2.14,568.6,0.0551951084789214
263.0,0.6,0.561,2.15,567.91,0.0551951084789214
264.0,0.6,0.561,2.1,566.34,0.0551951084789214
265.0,0.6,0.561,2.13,565.44,0.0551951084789214
266.0,0.6,0.561,2.15,566.37,0.0551951084789214
267.0,0.6,0.561,2.13,567.37,0.0551951084789214
268.0,0.6,0.561,2.15,565.27,0.0551951084789214
269.0,0.6,0.561,2.15,565.95,0.0551951084789214
270.0,0.6,0.561,2.16,566.05,0.0551951084789214
271.0,0.6,0.561,2.11,567.29,0.0551951084789214
272.0,0.6,0.561,2.17,565.2,0.0551951084789214
273.0,0.6,0.561,2.14,565.92,0.0551951084789214
274.0,0.6,0.561,2.16,565.86,0.0551951084789214
275.0,0.6,0.561,2.13,567.54,0.0551951084789214
276.0,0.6,0.561,2.18,565.58,0.0551951084789214
277.0,0.6,0.561,2.19,565.79,0.0551951084789214
278.0,0.6,0.561,2.14,565.37,0.0551951084789214
279.0,0.6,0.561,2.17,564.35,0.0551951084789214
280.0,0.6,0.561,2.15,563.91,0.0551951084789214
281.0,0.6,0.561,2.14,563.81,0.0551951084789214
282.0,0.6,0.561,2.16,563.58,0.0551951084789214
283.0,0.6,0.561,2.19,565.57,0.0551951084789214
284.0,0.6,0.561,2.15,564.6,0.0551951084789214
285.0,0.6,0.561,2.15,565.53,0.0551951084789214
286.0,0.6,0.561,2.19,564.68,0.0551951084789214
287.0,0.6,0.561,2.1,563.9,0.0551951084789214
288.0,0.6,0.561,2.14,562.65,0.0551951084789214
289.0,0.6,0.561,2.14,563.84,0.0551951084789214
290.0,0.6,0.561,2.14,563.25,0.0551951084789214
291.0,0.6,0.561,2.11,563.75,0.0551951084789214
292.0,0.6,0.561,2.16,563.11,0.0551951084789214
293.0,0.6,0.561,2.18,564.03,0.0551951084789214
294.0,0.6,0.561,2.15,563.35,0.0551951084789214
295.0,0.6,0.561,2.18,563.45,0.0551951084789214
296.0,0.6,0.561,2.13,563.08,0.0551951084789214
297.0,0.6,0.561,2.17,562.3,0.0551951084789214
298.0,0.6,0.561,2.13,562.5,0.0551951084789214
299.0,0.6,0.561,2.16,563.58,0.0551951084789214
300.0,0.6,0.561,2.12,562.52,0.0551951084789214
301.0,0.6,0.561,2.16,562.77,0.0551951084789214
302.0,0.6,0.561,2.17,562.27,0.0551951084789214
303.0,0.6,0.561,2.16,561.96,0.0551951084789214
304.0,0.6,0.561,2.16,562.01,0.0551951084789214
305.0,0.6,0.561,2.17,562.53,0.0551951084789214
306.0,0.6,0.561,2.18,561.47,0.0551951084789214
307.0,0.6,0.561,2.12,561.4,0.0551951084789214
308.0,0.6,0.561,2.15,562.83,0.0551951084789214
309.0,0.6,0.561,2.18,563.13,0.0551951084789214
310.0,0.6,0.561,2.17,562.54,0.0551951084789214
311.0,0.6,0.561,2.16,561.28,0.0551951084789214
312.0,0.6,0.561,2.15,561.93,0.0551951084789214
313.0,0.6,0.561,2.13,561.77,0.0551951084789214
314.0,0.6,0.561,2.17,561.86,0.0551951084789214
315.0,0.6,0.561,2.17,561.22,0.0551951084789214
316.0,0.6,0.561,2.16,561.82,0.0551951084789214
317.0,0.6,0.561,2.16,561.4,0.0551951084789214
318.0,0.6,0.561,2.18,561.27,0.0551951084789214
319.0,0.6,0.561,2.19,561.78,0.0551951084789214
320.0,0.6,0.561,2.19,561.31,0.0551951084789214
321.0,0.6,0.561,2.17,558.91,0.0551951084789214
322.0,0.6,0.561,2.14,560.52,0.0551951084789214
323.0,0.6,0.561,2.14,560.55,0.0551951084789214
324.0,0.6,0.561,2.17,559.3,0.0551951084789214
325.0,0.6,0.561,2.17,560.06,0.0551951084789214
326.0,0.6,0.561,2.17,561.3,0.0551951084789214
327.0,0.6,0.561,2.12,560.99,0.0551951084789214
328.0,0.6,0.561,2.15,559.85,0.0551951084789214
329.0,0.6,0.561,2.21,561.74,0.0551951084789214
330.0,0.6,0.561,2.21,559.55,0.0551951084789214
331.0,0.6,0.561,2.18,560.97,0.0551951084789214
332.0,0.6,0.561,2.17,559.52,0.0551951084789214
333.0,0.6,0.561,2.17,559.27,0.0551951084789214
334.0,0.6,0.561,2.18,560.62,0.0551951084789214
335.0,0.6,0.561,2.16,560.97,0.0551951084789214
336.0,0.6,0.561,2.16,560.13,0.0551951084789214
337.0,0.6,0.561,2.2,560.42,0.0551951084789214
338.0,0.6,0.561,2.16,559.41,0.0551951084789214
339.0,0.6,0.561,2.18,559.32,0.0551951084789214
340.0,0.6,0.561,2.15,559.77,0.0551951084789214
341.0,0.6,0.561,2.17,557.21,0.0551951084789214
342.0,0.6,0.561,2.15,557.82,0.0551951084789214
343.0,0.6,0.561,2.18,557.07,0.0551951084789214
344.0,0.6,0.561,2.13,558.52,0.0551951084789214
345.0,0.6,0.561,2.16,558.53,0.0551951084789214
346.0,0.6,0.561,2.19,558.76,0.0551951084789214
347.0,0.6,0.561,2.17,558.2,0.0551951084789214
348.0,0.6,0.561,2.15,557.9,0.0551951084789214
349.0,0.6,0.561,2.15,558.41,0.0551951084789214
350.0,0.6,0.561,2.15,558.38,0.0551951084789214
351.0,0.6,0.561,2.19,558.26,0.0551951084789214
352.0,0.6,0.561,2.14,558.99,0.0551951084789214
353.0,0.6,0.561,2.17,557.51,0.0551951084789214
354.0,0.6,0.561,2.21,557.64,0.0551951084789214
355.0,0.6,0.561,2.16,557.64,0.0551951084789214
356.0,0.6,0.561,2.15,557.88,0.0551951084789214
357.0,0.6,0.561,2.15,557.56,0.0551951084789214
358.0,0.6,0.561,2.16,557.78,0.0551951084789214
359.0,0.6,0.561,2.19,558.13,0.0551951084789214
360.0,0.6,0.561,2.19,557.26,0.0551951084789214
361.0,0.6,0.561,2.15,557.57,0.0551951084789214
362.0,0.6,0.561,2.21,557.93,0.0551951084789214
363.0,0.6,0.561,2.15,556.47,0.0551951084789214
364.0,0.6,0.561,2.16,558.56,0.0551951084789214
365.0,0.6,0.561,2.17,555.53,0.0551951084789214
366.0,0.6,0.561,2.15,556.21,0.0551951084789214
367.0,0.6,0.561,2.17,557.72,0.0551951084789214
368.0,0.6,0.561,2.12,556.07,0.0551951084789214
369.0,0.6,0.561,2.17,557.01,0.0551951084789214
370.0,0.6,0.561,2.19,557.35,0.0551951084789214
371.0,0.6,0.561,2.16,556.15,0.0551951084789214
372.0,0.6,0.561,2.14,557.41,0.0551951084789214
373.0,0.6,0.561,2.15,555.97,0.0551951084789214
374.0,0.6,0.561,2.15,557.06,0.0551951084789214
375.0,0.6,0.561,2.18,557.42,0.0551951084789214
376.0,0.6,0.561,2.18,556.5,0.0551951084789214
377.0,0.6,0.561,2.14,555.93,0.0551951084789214
378.0,0.6,0.561,2.14,557.11,0.0551951084789214
379.0,0.6,0.561,2.15,556.36,0.0551951084789214
380.0,0.6,0.561,2.16,555.64,0.0551951084789214
381.0,0.6,0.561,2.17,556.34,0.0551951084789214
382.0,0.6,0.561,2.16,555.1,0.0551951084789214
383.0,0.6,0.561,2.17,556.71,0.0551951084789214
384.0,0.6,0.561,2.16,556.32,0.0551951084789214
385.0,0.6,0.561,2.16,556.99,0.0551951084789214
386.0,0.6,0.561,2.18,555.61,0.0551951084789214
387.0,0.6,0.561,2.17,555.19,0.0551951084789214
388.0,0.6,0.561,2.21,554.72,0.0551951084789214
389.0,0.6,0.561,2.16,555.8,0.0551951084789214
390.0,0.6,0.561,2.13,555.51,0.0551951084789214
391.0,0.6,0.561,2.12,556.01,0.0551951084789214
392.0,0.6,0.561,2.15,555.3,0.0551951084789214
393.0,0.6,0.561,2.18,555.9,0.0551951084789214
394.0,0.6,0.561,2.15,555.37,0.0551951084789214
395.0,0.6,0.561,2.19,555.79,0.0551951084789214
396.0,0.6,0.561,2.13,556.26,0.0551951084789214
397.0,0.6,0.561,2.12,554.74,0.0551951084789214
398.0,0.6,0.561,2.13,555.65,0.0551951084789214
399.0,0.6,0.561,2.15,555.15,0.0551951084789214
400.0,0.6,0.561,2.17,555.38,0.0551951084789214
401.0,0.6,0.561,2.21,554.95,0.0551951084789214
402.0,0.6,0.561,2.17,554.3,0.0551951084789214
403.0,0.6,0.561,2.13,555.57,0.0551951084789214
404.0,0.6,0.561,2.14,553.99,0.0551951084789214
405.0,0.6,0.561,2.15,555.81,0.0551951084789214
406.0,0.6,0.561,2.22,555.47,0.0551951084789214
407.0,0.6,0.561,2.14,556.44,0.0551951084789214
408.0,0.6,0.561,2.13,556.38,0.0551951084789214
409.0,0.6,0.561,2.14,554.13,0.0551951084789214
410.0,0.6,0.561,2.15,554.38,0.0551951084789214
411.0,0.6,0.561,2.15,555.31,0.0551951084789214
412.0,0.6,0.561,2.17,554.03,0.0551951084789214
413.0,0.6,0.561,2.17,553.63,0.0551951084789214
414.0,0.6,0.561,2.14,554.92,0.0551951084789214
415.0,0.6,0.561,2.15,553.97,0.0551951084789214
416.0,0.6,0.561,2.16,555.05,0.0551951084789214
417.0,0.6,0.561,2.18,555.28,0.0551951084789214
418.0,0.6,0.561,2.16,555.23,0.0551951084789214
419.0,0.6,0.561,2.16,554.23,0.0551951084789214
420.0,0.6,0.561,2.12,554.4,0.0551951084789214
421.0,0.6,0.561,2.15,554.6,0.0551951084789214
422.0,0.6,0.561,2.15,554.55,0.0551951084789214
423.0,0.6,0.561,2.16,555.21,0.0551951084789214
424.0,0.6,0.561,2.16,554.84,0.0551951084789214
425.0,0.6,0.561,2.19,553.39,0.0551951084789214
426.0,0.6,0.561,2.18,555.31,0.0551951084789214
427.0,0.6,0.561,2.17,554.85,0.0551951084789214
428.0,0.6,0.561,2.14,554.39,0.0551951084789214
429.0,0.6,0.561,2.2,554.39,0.0551951084789214
430.0,0.6,0.561,2.14,553.99,0.0551951084789214
431.0,0.6,0.561,2.18,553.65,0.0551951084789214
432.0,0.6,0.561,2.16,553.48,0.0551951084789214
433.0,0.6,0.561,2.2,553.0,0.0551951084789214
434.0,0.6,0.561,2.14,553.21,0.0551951084789214
435.0,0.6,0.561,2.18,553.31,0.0551951084789214
436.0,0.6,0.561,2.15,553.77,0.0551951084789214
437.0,0.6,0.561,2.17,553.35,0.0551951084789214
438.0,0.6,0.561,2.19,553.14,0.0551951084789214
439.0,0.6,0.561,2.14,554.16,0.0551951084789214
440.0,0.6,0.561,2.15,552.54,0.0551951084789214
441.0,0.6,0.561,2.16,553.69,0.0551951084789214
442.0,0.6,0.561,2.16,553.79,0.0551951084789214
443.0,0.6,0.561,2.14,553.4,0.0551951084789214
444.0,0.6,0.561,2.15,553.8,0.0551951084789214
445.0,0.6,0.561,2.15,553.18,0.0551951084789214
446.0,0.6,0.561,2.16,553.19,0.0551951084789214
447.0,0.6,0.561,2.16,553.83,0.0551951084789214
448.0,0.6,0.561,2.13,552.26,0.0551951084789214
449.0,0.6,0.561,2.21,553.61,0.0551951084789214
450.0,0.6,0.561,2.17,552.86,0.0551951084789214
451.0,0.6,0.561,2.21,552.46,0.0551951084789214
452.0,0.6,0.561,2.15,553.28,0.0551951084789214
453.0,0.6,0.561,2.14,553.42,0.0551951084789214
454.0,0.6,0.561,2.15,552.17,0.0551951084789214
455.0,0.6,0.561,2.15,553.14,0.0551951084789214
456.0,0.6,0.561,2.2,553.15,0.0551951084789214
457.0,0.6,0.561,2.16,552.31,0.0551951084789214
458.0,0.6,0.561,2.16,552.96,0.0551951084789214
459.0,0.6,0.561,2.16,552.21,0.0551951084789214
460.0,0.6,0.561,2.15,552.27,0.0551951084789214
461.0,0.6,0.561,2.14,552.56,0.0551951084789214
462.0,0.6,0.561,2.17,552.17,0.0551951084789214
463.0,0.6,0.561,2.15,551.94,0.0551951084789214
464.0,0.6,0.561,2.18,552.56,0.0551951084789214
465.0,0.6,0.561,2.15,552.65,0.0551951084789214
466.0,0.6,0.561,2.19,552.93,0.0551951084789214
467.0,0.6,0.561,2.14,551.86,0.0551951084789214
468.0,0.6,0.561,2.15,551.84,0.0551951084789214
469.0,0.6,0.561,2.14,552.81,0.0551951084789214
470.0,0.6,0.561,2.19,552.58,0.0551951084789214
471.0,0.6,0.561,2.16,551.39,0.0551951084789214
472.0,0.6,0.561,2.14,552.13,0.0551951084789214
473.0,0.6,0.561,2.13,552.2,0.0551951084789214
474.0,0.6,0.561,2.11,552.26,0.0551951084789214
475.0,0.6,0.561,2.2,551.9,0.0551951084789214
476.0,0.6,0.561,2.14,551.33,0.0551951084789214
477.0,0.6,0.561,2.15,551.34,0.0551951084789214
478.0,0.6,0.561,2.15,552.2,0.0551951084789214
479.0,0.6,0.561,2.13,552.25,0.0551951084789214
480.0,0.6,0.561,2.15,551.65,0.0551951084789214
481.0,0.6,0.561,2.17,552.14,0.0551951084789214
482.0,0.6,0.561,2.15,550.51,0.0551951084789214
483.0,0.6,0.561,2.14,552.3,0.0551951084789214
484.0,0.6,0.561,2.15,551.35,0.0551951084789214
485.0,0.6,0.561,2.14,552.39,0.0551951084789214
486.0,0.6,0.561,2.15,552.15,0.0551951084789214
487.0,0.6,0.561,2.14,551.29,0.0551951084789214
488.0,0.6,0.561,2.17,551.93,0.0551951084789214
489.0,0.6,0.561,2.16,551.07,0.0551951084789214
490.0,0.6,0.561,2.16,551.68,0.0551951084789214
491.0,0.6,0.561,2.22,551.77,0.0551951084789214
492.0,0.6,0.561,2.15,550.4,0.0551951084789214
493.0,0.6,0.561,2.12,551.08,0.0551951084789214
494.0,0.6,0.561,2.14,551.62,0.0551951084789214
495.0,0.6,0.561,2.16,550.68,0.0551951084789214
496.0,0.6,0.561,2.17,551.5,0.0551951084789214
497.0,0.6,0.561,2.12,550.86,0.0551951084789214
498.0,0.6,0.561,2.16,550.45,0.0551951084789214
499.0,0.6,0.561,2.16,551.49,0.0551951084789214
500.0,0.6,0.561,2.09,551.27,0.0551951084789214
501.0,0.6,0.561,2.18,550.64,0.0551951084789214
502.0,0.6,0.561,2.11,550.82,0.0551951084789214
503.0,0.6,0.561,2.13,550.3,0.0551951084789214
504.0,0.6,0.561,2.15,551.09,0.0551951084789214
505.0,0.6,0.561,2.14,551.51,0.0551951084789214
506.0,0.6,0.561,2.21,549.63,0.0551951084789214
507.0,0.6,0.561,2.14,550.3,0.0551951084789214
508.0,0.6,0.561,2.14,550.16,0.0551951084789214
509.0,0.6,0.561,2.13,550.12,0.0551951084789214
510.0,0.6,0.561,2.16,550.31,0.0551951084789214
511.0,0.6,0.561,2.17,550.87,0.0551951084789214
512.0,0.6,0.561,2.15,550.68,0.0551951084789214
513.0,0.6,0.561,2.17,551.47,0.0551951084789214
514.0,0.6,0.561,2.14,549.7,0.0551951084789214
515.0,0.6,0.561,2.15,550.04,0.0551951084789214
516.0,0.6,0.561,2.19,551.35,0.0551951084789214
517.0,0.6,0.561,2.17,550.19,0.0551951084789214
518.0,0.6,0.561,2.14,550.94,0.0551951084789214
519.0,0.6,0.561,2.17,549.29,0.0551951084789214
520.0,0.6,0.561,2.14,548.63,0.0551951084789214
521.0,0.6,0.561,2.13,550.71,0.0551951084789214
522.0,0.6,0.561,2.15,550.73,0.0551951084789214
523.0,0.6,0.561,2.14,549.48,0.0551951084789214
524.0,0.6,0.561,2.16,550.13,0.0551951084789214
525.0,0.6,0.561,2.14,549.86,0.0551951084789214
526.0,0.6,0.561,2.17,550.16,0.0551951084789214
527.0,0.6,0.561,2.16,549.72,0.0551951084789214
528.0,0.6,0.561,2.14,549.86,0.0551951084789214
529.0,0.6,0.561,2.16,550.61,0.0551951084789214
530.0,0.6,0.561,2.15,550.26,0.0551951084789214
531.0,0.6,0.561,2.13,549.53,0.0551951084789214
532.0,0.6,0.561,2.14,549.46,0.0551951084789214
533.0,0.6,0.561,2.15,549.15,0.0551951084789214
534.0,0.6,0.561,2.13,550.43,0.0551951084789214
535.0,0.6,0.561,2.14,549.9,0.0551951084789214
536.0,0.6,0.561,2.18,550.34,0.0551951084789214
537.0,0.6,0.561,2.16,549.53,0.0551951084789214
538.0,0.6,0.561,2.16,549.49,0.0551951084789214
539.0,0.6,0.561,2.14,550.1,0.0551951084789214
540.0,0.6,0.561,2.13,550.39,0.0551951084789214
541.0,0.6,0.561,2.21,550.27,0.0551951084789214
542.0,0.6,0.561,2.14,549.47,0.0551951084789214
543.0,0.6,0.561,2.13,549.38,0.0551951084789214
544.0,0.6,0.561,2.14,549.38,0.0551951084789214
545.0,0.6,0.561,2.14,549.19,0.0551951084789214
546.0,0.6,0.561,2.17,549.67,0.0551951084789214
547.0,0.6,0.561,2.16,549.1,0.0551951084789214
548.0,0.6,0.561,2.14,550.17,0.0551951084789214
549.0,0.6,0.561,2.14,549.45,0.0551951084789214
550.0,0.6,0.561,2.16,550.01,0.0551951084789214
551.0,0.6,0.561,2.16,548.72,0.0551951084789214
552.0,0.6,0.561,2.18,549.26,0.0551951084789214
553.0,0.6,0.561,2.15,548.59,0.0551951084789214
554.0,0.6,0.561,2.12,549.55,0.0551951084789214
555.0,0.6,0.561,2.13,548.75,0.0551951084789214
556.0,0.6,0.561,2.15,549.32,0.0551951084789214
557.0,0.6,0.561,2.12,549.95,0.0551951084789214
558.0,0.6,0.561,2.18,549.79,0.0551951084789214
559.0,0.6,0.561,2.13,549.35,0.0551951084789214
560.0,0.6,0.561,2.17,548.39,0.0551951084789214
561.0,0.6,0.561,2.15,548.17,0.0551951084789214
562.0,0.6,0.561,2.17,548.98,0.0551951084789214
563.0,0.6,0.561,2.21,549.82,0.0551951084789214
564.0,0.6,0.561,2.15,548.78,0.0551951084789214
565.0,0.6,0.561,2.16,549.08,0.0551951084789214
566.0,0.6,0.561,2.17,547.93,0.0551951084789214
567.0,0.6,0.561,2.15,548.56,0.0551951084789214
568.0,0.6,0.561,2.18,549.59,0.0551951084789214
569.0,0.6,0.561,2.14,549.12,0.0551951084789214
570.0,0.6,0.561,2.18,548.71,0.0551951084789214
571.0,0.6,0.561,2.14,548.61,0.0551951084789214
572.0,0.6,0.561,2.18,548.85,0.0551951084789214
573.0,0.6,0.561,2.16,549.2,0.0551951084789214
574.0,0.6,0.561,2.16,548.7,0.0551951084789214
575.0,0.6,0.561,2.12,548.61,0.0551951084789214
576.0,0.6,0.561,2.16,548.75,0.0551951084789214
577.0,0.6,0.561,2.14,548.88,0.0551951084789214
578.0,0.6,0.561,2.17,548.83,0.0551951084789214
579.0,0.6,0.561,2.14,547.97,0.0551951084789214
580.0,0.6,0.561,2.18,548.65,0.0551951084789214
581.0,0.6,0.561,2.16,547.85,0.0551951084789214
582.0,0.6,0.561,2.15,548.59,0.0551951084789214
583.0,0.6,0.561,2.17,549.04,0.0551951084789214
584.0,0.6,0.561,2.15,548.9,0.0551951084789214
585.0,0.6,0.561,2.17,548.92,0.0551951084789214
586.0,0.6,0.561,2.13,548.92,0.0551951084789214
587.0,0.6,0.561,2.14,548.35,0.0551951084789214
588.0,0.6,0.561,2.14,548.18,0.0551951084789214
589.0,0.6,0.561,2.11,548.36,0.0551951084789214
590.0,0.6,0.561,2.18,548.25,0.0551951084789214
591.0,0.6,0.561,2.14,549.06,0.0551951084789214
592.0,0.6,0.561,2.16,548.66,0.0551951084789214
593.0,0.6,0.561,2.17,547.09,0.0551951084789214
594.0,0.6,0.561,2.15,547.91,0.0551951084789214
595.0,0.6,0.561,2.14,548.22,0.0551951084789214
596.0,0.6,0.561,2.17,547.78,0.0551951084789214
597.0,0.6,0.561,2.15,547.74,0.0551951084789214
598.0,0.6,0.561,2.15,547.85,0.0551951084789214
599.0,0.6,0.561,2.18,548.52,0.0551951084789214
600.0,0.6,0.561,2.12,547.96,0.0551951084789214
601.0,0.6,0.561,2.15,547.96,0.0551951084789214
602.0,0.6,0.561,2.14,547.65,0.0551951084789214
603.0,0.6,0.561,2.16,548.24,0.0551951084789214
604.0,0.6,0.561,2.14,548.09,0.0551951084789214
605.0,0.6,0.561,2.15,547.13,0.0551951084789214
606.0,0.6,0.561,2.16,547.56,0.0551951084789214
607.0,0.6,0.561,2.14,547.55,0.0551951084789214
608.0,0.6,0.561,2.14,547.24,0.0551951084789214
609.0,0.6,0.561,2.14,547.67,0.0551951084789214
610.0,0.6,0.561,2.17,547.34,0.0551951084789214
611.0,0.6,0.561,2.16,548.21,0.0551951084789214
612.0,0.6,0.561,2.15,548.31,0.0551951084789214
613.0,0.6,0.561,2.14,546.96,0.0551951084789214
614.0,0.6,0.561,2.16,547.69,0.0551951084789214
615.0,0.6,0.561,2.16,547.09,0.0551951084789214
616.0,0.6,0.561,2.14,546.79,0.0551951084789214
617.0,0.6,0.561,2.15,548.12,0.0551951084789214
618.0,0.6,0.561,2.15,547.1,0.0551951084789214
619.0,0.6,0.561,2.15,547.38,0.0551951084789214
620.0,0.6,0.561,2.15,546.93,0.0551951084789214
621.0,0.6,0.561,2.15,547.32,0.0551951084789214
622.0,0.6,0.561,2.19,546.75,0.0551951084789214
623.0,0.6,0.561,2.15,546.67,0.0551951084789214
624.0,0.6,0.561,2.13,546.58,0.0551951084789214
625.0,0.6,0.561,2.13,547.77,0.0551951084789214
626.0,0.6,0.561,2.18,546.49,0.0551951084789214
627.0,0.6,0.561,2.16,547.59,0.0551951084789214
628.0,0.6,0.561,2.16,547.12,0.0551951084789214
629.0,0.6,0.561,2.16,546.61,0.0551951084789214
630.0,0.6,0.561,2.13,546.84,0.0551951084789214
631.0,0.6,0.561,2.16,546.51,0.0551951084789214
632.0,0.6,0.561,2.15,547.08,0.0551951084789214
633.0,0.6,0.561,2.14,547.58,0.0551951084789214
634.0,0.6,0.561,2.18,547.5,0.0551951084789214
635.0,0.6,0.561,2.12,546.12,0.0551951084789214
636.0,0.6,0.561,2.14,547.19,0.0551951084789214
637.0,0.6,0.561,2.13,547.68,0.0551951084789214
638.0,0.6,0.561,2.2,546.2,0.0551951084789214
639.0,0.6,0.561,2.14,547.12,0.0551951084789214
640.0,0.6,0.561,2.16,547.24,0.0551951084789214
641.0,0.6,0.561,2.17,546.91,0.0551951084789214
642.0,0.6,0.561,2.15,546.97,0.0551951084789214
643.0,0.6,0.561,2.14,546.95,0.0551951084789214
644.0,0.6,0.561,2.16,546.43,0.0551951084789214
645.0,0.6,0.561,2.15,546.54,0.0551951084789214
646.0,0.6,0.561,2.15,545.94,0.0551951084789214
647.0,0.6,0.561,2.16,547.19,0.0551951084789214
648.0,0.6,0.561,2.13,546.67,0.0551951084789214
649.0,0.6,0.561,2.13,547.32,0.0551951084789214
650.0,0.6,0.561,2.17,546.44,0.0551951084789214
651.0,0.6,0.561,2.18,547.84,0.0551951084789214
652.0,0.6,0.561,2.15,546.82,0.0551951084789214
653.0,0.6,0.561,2.13,547.11,0.0551951084789214
654.0,0.6,0.561,2.16,546.84,0.0551951084789214
655.0,0.6,0.561,2.15,546.31,0.0551951084789214
656.0,0.6,0.561,2.12,546.73,0.0551951084789214
657.0,0.6,0.561,2.17,546.57,0.0551951084789214
658.0,0.6,0.561,2.13,546.24,0.0551951084789214
659.0,0.6,0.561,2.16,545.98,0.0551951084789214
660.0,0.6,0.561,2.15,546.26,0.0551951084789214
661.0,0.6,0.561,2.16,546.74,0.0551951084789214
662.0,0.6,0.561,2.13,546.98,0.0551951084789214
663.0,0.6,0.561,2.13,546.98,0.0551951084789214
664.0,0.6,0.561,2.15,546.72,0.0551951084789214
665.0,0.6,0.561,2.15,546.2,0.0551951084789214
666.0,0.6,0.561,2.13,546.63,0.0551951084789214
667.0,0.6,0.561,2.14,546.91,0.0551951084789214
668.0,0.6,0.561,2.18,546.76,0.0551951084789214
669.0,0.6,0.561,2.18,546.38,0.0551951084789214
670.0,0.6,0.561,2.19,545.49,0.0551951084789214
671.0,0.6,0.561,2.14,545.85,0.0551951084789214
672.0,0.6,0.561,2.15,545.55,0.0551951084789214
673.0,0.6,0.561,2.13,547.25,0.0551951084789214
674.0,0.6,0.561,2.15,546.84,0.0551951084789214
675.0,0.6,0.561,2.13,545.79,0.0551951084789214
676.0,0.6,0.561,2.13,546.26,0.0551951084789214
677.0,0.6,0.561,2.13,546.67,0.0551951084789214
678.0,0.6,0.561,2.14,546.78,0.0551951084789214
679.0,0.6,0.561,2.13,545.95,0.0551951084789214
680.0,0.6,0.561,2.14,546.08,0.0551951084789214
681.0,0.6,0.561,2.15,545.12,0.0551951084789214
682.0,0.6,0.561,2.15,546.11,0.0551951084789214
683.0,0.6,0.561,2.15,546.49,0.0551951084789214
684.0,0.6,0.561,2.18,545.28,0.0551951084789214
685.0,0.6,0.561,2.15,546.19,0.0551951084789214
686.0,0.6,0.561,2.15,546.16,0.0551951084789214
687.0,0.6,0.561,2.14,545.89,0.0551951084789214
688.0,0.6,0.561,2.15,545.71,0.0551951084789214
689.0,0.6,0.561,2.18,545.4,0.0551951084789214
690.0,0.6,0.561,2.15,545.13,0.0551951084789214
691.0,0.6,0.561,2.16,545.02,0.0551951084789214
692.0,0.6,0.561,2.14,546.34,0.0551951084789214
693.0,0.6,0.561,2.14,546.36,0.0551951084789214
694.0,0.6,0.561,2.18,546.22,0.0551951084789214
695.0,0.6,0.561,2.14,545.52,0.0551951084789214
696.0,0.6,0.561,2.15,545.62,0.0551951084789214
697.0,0.6,0.561,2.14,545.52,0.0551951084789214
698.0,0.6,0.561,2.17,545.03,0.0551951084789214
699.0,0.6,0.561,2.16,545.22,0.0551951084789214
700.0,0.6,0.561,2.17,544.58,0.0551951084789214
701.0,0.6,0.561,2.12,545.26,0.0551951084789214
702.0,0.6,0.561,2.14,546.35,0.0551951084789214
703.0,0.6,0.561,2.14,546.04,0.0551951084789214
704.0,0.6,0.561,2.16,544.98,0.0551951084789214
705.0,0.6,0.561,2.15,546.36,0.0551951084789214
706.0,0.6,0.561,2.16,545.53,0.0551951084789214
707.0,0.6,0.561,2.17,545.46,0.0551951084789214
708.0,0.6,0.561,2.18,545.92,0.0551951084789214
709.0,0.6,0.561,2.17,545.46,0.0551951084789214
710.0,0.6,0.561,2.15,545.2,0.0551951084789214
711.0,0.6,0.561,2.13,545.4,0.0551951084789214
712.0,0.6,0.561,2.14,545.23,0.0551951084789214
713.0,0.6,0.561,2.14,545.81,0.0551951084789214
714.0,0.6,0.561,2.16,545.86,0.0551951084789214
715.0,0.6,0.561,2.16,545.0,0.0551951084789214
716.0,0.6,0.561,2.15,545.57,0.0551951084789214
717.0,0.6,0.561,2.15,544.95,0.0551951084789214
718.0,0.6,0.561,2.16,545.51,0.0551951084789214
719.0,0.6,0.561,2.16,545.35,0.0551951084789214
720.0,0.6,0.561,2.13,545.75,0.0551951084789214
721.0,0.6,0.561,2.16,545.74,0.0551951084789214
722.0,0.6,0.561,2.15,545.35,0.0551951084789214
723.0,0.6,0.561,2.15,545.78,0.0551951084789214
724.0,0.6,0.561,2.17,545.29,0.0551951084789214
725.0,0.6,0.561,2.18,545.86,0.0551951084789214
726.0,0.6,0.561,2.14,544.76,0.0551951084789214
727.0,0.6,0.561,2.17,545.54,0.0551951084789214
728.0,0.6,0.561,2.13,544.85,0.0551951084789214
729.0,0.6,0.561,2.14,545.74,0.0551951084789214
730.0,0.6,0.561,2.15,545.35,0.0551951084789214
731.0,0.6,0.561,2.17,545.71,0.0551951084789214
732.0,0.6,0.561,2.18,544.86,0.0551951084789214
733.0,0.6,0.561,2.18,545.55,0.0551951084789214
734.0,0.6,0.561,2.17,545.59,0.0551951084789214
735.0,0.6,0.561,2.14,545.05,0.0551951084789214
736.0,0.6,0.561,2.14,545.07,0.0551951084789214
737.0,0.6,0.561,2.13,544.19,0.0551951084789214
738.0,0.6,0.561,2.16,544.69,0.0551951084789214
739.0,0.6,0.561,2.13,544.49,0.0551951084789214
740.0,0.6,0.561,2.15,544.5,0.0551951084789214
741.0,0.6,0.561,2.14,544.94,0.0551951084789214
742.0,0.6,0.561,2.14,545.32,0.0551951084789214
743.0,0.6,0.561,2.15,543.89,0.0551951084789214
744.0,0.6,0.561,2.15,545.38,0.0551951084789214
745.0,0.6,0.561,2.12,543.88,0.0551951084789214
746.0,0.6,0.561,2.14,544.39,0.0551951084789214
747.0,0.6,0.561,2.15,545.39,0.0551951084789214
748.0,0.6,0.561,2.14,544.6,0.0551951084789214
749.0,0.6,0.561,2.15,545.58,0.0551951084789214
750.0,0.6,0.561,2.18,545.3,0.0551951084789214
751.0,0.6,0.561,2.18,545.3,0.0551951084789214
752.0,0.6,0.561,2.14,544.64,0.0551951084789214
753.0,0.6,0.561,2.16,545.76,0.0551951084789214
754.0,0.6,0.561,2.16,544.19,0.0551951084789214
755.0,0.6,0.561,2.15,544.78,0.0551951084789214
756.0,0.6,0.561,2.13,544.64,0.0551951084789214
757.0,0.6,0.561,2.14,544.9,0.0551951084789214
758.0,0.6,0.561,2.18,543.9,0.0551951084789214
759.0,0.6,0.561,2.14,544.41,0.0551951084789214
760.0,0.6,0.561,2.12,544.57,0.0551951084789214
761.0,0.6,0.561,2.14,544.42,0.0551951084789214
762.0,0.6,0.561,2.16,545.23,0.0551951084789214
763.0,0.6,0.561,2.14,545.1,0.0551951084789214
764.0,0.6,0.561,2.14,543.8,0.0551951084789214
765.0,0.6,0.561,2.15,544.57,0.0551951084789214
766.0,0.6,0.561,2.11,544.56,0.0551951084789214
767.0,0.6,0.561,2.14,544.43,0.0551951084789214
768.0,0.6,0.561,2.14,544.2,0.0551951084789214
769.0,0.6,0.561,2.15,544.65,0.0551951084789214
770.0,0.6,0.561,2.16,544.22,0.0551951084789214
771.0,0.6,0.561,2.17,543.86,0.0551951084789214
772.0,0.6,0.561,2.14,544.2,0.0551951084789214
773.0,0.6,0.561,2.15,544.57,0.0551951084789214
774.0,0.6,0.561,2.18,544.12,0.0551951084789214
775.0,0.6,0.561,2.13,543.86,0.0551951084789214
776.0,0.6,0.561,2.15,544.55,0.0551951084789214
777.0,0.6,0.561,2.15,544.73,0.0551951084789214
778.0,0.6,0.561,2.11,544.01,0.0551951084789214
779.0,0.6,0.561,2.12,545.46,0.0551951084789214
780.0,0.6,0.561,2.13,543.94,0.0551951084789214
781.0,0.6,0.561,2.13,544.64,0.0551951084789214
782.0,0.6,0.561,2.15,544.79,0.0551951084789214
783.0,0.6,0.561,2.18,543.23,0.0551951084789214
784.0,0.6,0.561,2.16,544.36,0.0551951084789214
785.0,0.6,0.561,2.14,544.21,0.0551951084789214
786.0,0.6,0.561,2.12,544.68,0.0551951084789214
787.0,0.6,0.561,2.17,544.11,0.0551951084789214
788.0,0.6,0.561,2.18,543.73,0.0551951084789214
789.0,0.6,0.561,2.12,543.72,0.0551951084789214
790.0,0.6,0.561,2.17,544.55,0.0551951084789214
791.0,0.6,0.561,2.15,543.87,0.0551951084789214
792.0,0.6,0.561,2.16,543.91,0.0551951084789214
793.0,0.6,0.561,2.13,544.57,0.0551951084789214
794.0,0.6,0.561,2.15,544.12,0.0551951084789214
795.0,0.6,0.561,2.2,544.27,0.0551951084789214
796.0,0.6,0.561,2.15,543.68,0.0551951084789214
797.0,0.6,0.561,2.17,544.18,0.0551951084789214
798.0,0.6,0.561,2.16,543.94,0.0551951084789214
799.0,0.6,0.561,2.13,544.52,0.0551951084789214
800.0,0.6,0.561,2.16,543.5,0.0551951084789214
801.0,0.6,0.561,2.2,543.89,0.0551951084789214
802.0,0.6,0.561,2.17,544.43,0.0551951084789214
803.0,0.6,0.561,2.14,544.38,0.0551951084789214
804.0,0.6,0.561,2.13,543.14,0.0551951084789214
805.0,0.6,0.561,2.13,544.15,0.0551951084789214
806.0,0.6,0.561,2.14,543.8,0.0551951084789214
807.0,0.6,0.561,2.17,542.76,0.0551951084789214
808.0,0.6,0.561,2.14,543.82,0.0551951084789214
809.0,0.6,0.561,2.19,544.49,0.0551951084789214
810.0,0.6,0.561,2.17,544.5,0.0551951084789214
811.0,0.6,0.561,2.14,543.4,0.0551951084789214
812.0,0.6,0.561,2.18,544.02,0.0551951084789214
813.0,0.6,0.561,2.16,543.64,0.0551951084789214
814.0,0.6,0.561,2.14,543.71,0.0551951084789214
815.0,0.6,0.561,2.16,543.66,0.0551951084789214
816.0,0.6,0.561,2.16,543.57,0.0551951084789214
817.0,0.6,0.561,2.18,543.89,0.0551951084789214
818.0,0.6,0.561,2.14,543.52,0.0551951084789214
819.0,0.6,0.561,2.14,544.22,0.0551951084789214
820.0,0.6,0.561,2.16,544.59,0.0551951084789214
821.0,0.6,0.561,2.15,544.44,0.0551951084789214
822.0,0.6,0.561,2.14,544.96,0.0551951084789214
823.0,0.6,0.561,2.14,543.81,0.0551951084789214
824.0,0.6,0.561,2.15,544.43,0.0551951084789214
825.0,0.6,0.561,2.13,543.27,0.0551951084789214
826.0,0.6,0.561,2.14,543.64,0.0551951084789214
827.0,0.6,0.561,2.16,544.46,0.0551951084789214
828.0,0.6,0.561,2.17,543.84,0.0551951084789214
829.0,0.6,0.561,2.17,543.89,0.0551951084789214
830.0,0.6,0.561,2.16,543.59,0.0551951084789214
831.0,0.6,0.561,2.16,543.42,0.0551951084789214
832.0,0.6,0.561,2.14,543.48,0.0551951084789214
833.0,0.6,0.561,2.16,543.77,0.0551951084789214
834.0,0.6,0.561,2.13,543.3,0.0551951084789214
835.0,0.6,0.561,2.15,542.9,0.0551951084789214
836.0,0.6,0.561,2.15,544.0,0.0551951084789214
837.0,0.6,0.561,2.13,543.48,0.0551951084789214
838.0,0.6,0.561,2.16,544.35,0.0551951084789214
839.0,0.6,0.561,2.18,543.66,0.0551951084789214
840.0,0.6,0.561,2.14,543.64,0.0551951084789214
841.0,0.6,0.561,2.18,543.12,0.0551951084789214
842.0,0.6,0.561,2.18,543.43,0.0551951084789214
843.0,0.6,0.561,2.17,543.23,0.0551951084789214
844.0,0.6,0.561,2.15,542.69,0.0551951084789214
845.0,0.6,0.561,2.17,543.57,0.0551951084789214
846.0,0.6,0.561,2.15,543.41,0.0551951084789214
847.0,0.6,0.561,2.14,543.38,0.0551951084789214
848.0,0.6,0.561,2.15,542.8,0.0551951084789214
849.0,0.6,0.561,2.14,543.63,0.0551951084789214
850.0,0.6,0.561,2.17,543.39,0.0551951084789214
851.0,0.6,0.561,2.16,543.42,0.0551951084789214
852.0,0.6,0.561,2.19,544.01,0.0551951084789214
853.0,0.6,0.561,2.15,543.48,0.0551951084789214
854.0,0.6,0.561,2.17,542.5,0.0551951084789214
855.0,0.6,0.561,2.15,543.78,0.0551951084789214
856.0,0.6,0.561,2.16,543.07,0.0551951084789214
857.0,0.6,0.561,2.13,542.34,0.0551951084789214
858.0,0.6,0.561,2.18,542.33,0.0551951084789214
859.0,0.6,0.561,2.16,544.06,0.0551951084789214
860.0,0.6,0.561,2.18,542.82,0.0551951084789214
861.0,0.6,0.561,2.17,542.97,0.0551951084789214
862.0,0.6,0.561,2.17,543.19,0.0551951084789214
863.0,0.6,0.561,2.15,542.73,0.0551951084789214
864.0,0.6,0.561,2.18,544.18,0.0551951084789214
865.0,0.6,0.561,2.16,543.92,0.0551951084789214
866.0,0.6,0.561,2.17,543.29,0.0551951084789214
867.0,0.6,0.561,2.16,543.6,0.0551951084789214
868.0,0.6,0.561,2.15,543.08,0.0551951084789214
869.0,0.6,0.561,2.18,543.05,0.0551951084789214
870.0,0.6,0.561,2.17,542.79,0.0551951084789214
871.0,0.6,0.561,2.17,543.95,0.0551951084789214
872.0,0.6,0.561,2.15,542.94,0.0551951084789214
873.0,0.6,0.561,2.17,542.78,0.0551951084789214
874.0,0.6,0.561,2.16,543.15,0.0551951084789214
875.0,0.6,0.561,2.18,543.11,0.0551951084789214
876.0,0.6,0.561,2.16,543.28,0.0551951084789214
877.0,0.6,0.561,2.18,543.49,0.0551951084789214
878.0,0.6,0.561,2.14,542.95,0.0551951084789214
879.0,0.6,0.561,2.16,542.13,0.0551951084789214
880.0,0.6,0.561,2.15,543.21,0.0551951084789214
881.0,0.6,0.561,2.16,542.39,0.0551951084789214
882.0,0.6,0.561,2.17,542.49,0.0551951084789214
883.0,0.6,0.561,2.18,542.81,0.0551951084789214
884.0,0.6,0.561,2.16,542.77,0.0551951084789214
885.0,0.6,0.561,2.16,543.07,0.0551951084789214
886.0,0.6,0.561,2.17,542.59,0.0551951084789214
887.0,0.6,0.561,2.14,542.84,0.0551951084789214
888.0,0.6,0.561,2.14,542.72,0.0551951084789214
889.0,0.6,0.561,2.17,542.96,0.0551951084789214
890.0,0.6,0.561,2.14,542.46,0.0551951084789214
891.0,0.6,0.561,2.16,543.56,0.0551951084789214
892.0,0.6,0.561,2.18,542.85,0.0551951084789214
893.0,0.6,0.561,2.16,543.42,0.0551951084789214
894.0,0.6,0.561,2.17,541.77,0.0551951084789214
895.0,0.6,0.561,2.15,542.81,0.0551951084789214
896.0,0.6,0.561,2.18,542.2,0.0551951084789214
897.0,0.6,0.561,2.15,542.76,0.0551951084789214
898.0,0.6,0.561,2.15,543.01,0.0551951084789214
899.0,0.6,0.561,2.13,543.43,0.0551951084789214
900.0,0.6,0.561,2.16,541.96,0.0551951084789214
901.0,0.6,0.561,2.17,542.58,0.0551951084789214
902.0,0.6,0.561,2.15,542.49,0.0551951084789214
903.0,0.6,0.561,2.17,543.31,0.0551951084789214
904.0,0.6,0.561,2.18,543.1,0.0551951084789214
905.0,0.6,0.561,2.17,542.65,0.0551951084789214
906.0,0.6,0.561,2.17,542.24,0.0551951084789214
907.0,0.6,0.561,2.16,542.88,0.0551951084789214
908.0,0.6,0.561,2.15,541.87,0.0551951084789214
909.0,0.6,0.561,2.15,542.43,0.0551951084789214
910.0,0.6,0.561,2.17,542.54,0.0551951084789214
911.0,0.6,0.561,2.15,542.76,0.0551951084789214
912.0,0.6,0.561,2.17,541.85,0.0551951084789214
913.0,0.6,0.561,2.19,543.0,0.0551951084789214
914.0,0.6,0.561,2.15,542.61,0.0551951084789214
915.0,0.6,0.561,2.15,542.77,0.0551951084789214
916.0,0.6,0.561,2.16,542.91,0.0551951084789214
917.0,0.6,0.561,2.15,542.44,0.0551951084789214
918.0,0.6,0.561,2.18,542.17,0.0551951084789214
919.0,0.6,0.561,2.16,542.19,0.0551951084789214
920.0,0.6,0.561,2.15,542.37,0.0551951084789214
921.0,0.6,0.561,2.16,542.66,0.0551951084789214
922.0,0.6,0.561,2.13,542.53,0.0551951084789214
923.0,0.6,0.561,2.16,542.04,0.0551951084789214
924.0,0.6,0.561,2.16,542.5,0.0551951084789214
925.0,0.6,0.561,2.17,542.64,0.0551951084789214
926.0,0.6,0.561,2.16,543.23,0.0551951084789214
927.0,0.6,0.561,2.13,542.1,0.0551951084789214
928.0,0.6,0.561,2.15,542.7,0.0551951084789214
929.0,0.6,0.561,2.18,542.31,0.0551951084789214
930.0,0.6,0.561,2.2,542.78,0.0551951084789214
931.0,0.6,0.561,2.18,542.09,0.0551951084789214
932.0,0.6,0.561,2.17,542.13,0.0551951084789214
933.0,0.6,0.561,2.16,542.38,0.0551951084789214
934.0,0.6,0.561,2.15,542.47,0.0551951084789214
935.0,0.6,0.561,2.16,542.54,0.0551951084789214
936.0,0.6,0.561,2.15,541.99,0.0551951084789214
937.0,0.6,0.561,2.16,543.51,0.0551951084789214
938.0,0.6,0.561,2.16,542.3,0.0551951084789214
939.0,0.6,0.561,2.16,542.23,0.0551951084789214
940.0,0.6,0.561,2.16,542.45,0.0551951084789214
941.0,0.6,0.561,2.15,542.3,0.0551951084789214
942.0,0.6,0.561,2.15,542.4,0.0551951084789214
943.0,0.6,0.561,2.18,542.91,0.0551951084789214
944.0,0.6,0.561,2.14,541.91,0.0551951084789214
945.0,0.6,0.561,2.16,542.48,0.0551951084789214
946.0,0.6,0.561,2.18,542.23,0.0551951084789214
947.0,0.6,0.561,2.17,542.19,0.0551951084789214
948.0,0.6,0.561,2.14,542.12,0.0551951084789214
949.0,0.6,0.561,2.16,542.21,0.0551951084789214
950.0,0.6,0.561,2.16,541.72,0.0551951084789214
951.0,0.6,0.561,2.17,542.2,0.0551951084789214
952.0,0.6,0.561,2.16,542.24,0.0551951084789214
953.0,0.6,0.561,2.19,541.82,0.0551951084789214
954.0,0.6,0.561,2.17,541.23,0.0551951084789214
955.0,0.6,0.561,2.17,542.16,0.0551951084789214
956.0,0.6,0.561,2.16,542.86,0.0551951084789214
957.0,0.6,0.561,2.15,541.54,0.0551951084789214
958.0,0.6,0.561,2.16,541.45,0.0551951084789214
959.0,0.6,0.561,2.17,542.35,0.0551951084789214
960.0,0.6,0.561,2.16,543.18,0.0551951084789214
961.0,0.6,0.561,2.16,542.08,0.0551951084789214
962.0,0.6,0.561,2.18,542.17,0.0551951084789214
963.0,0.6,0.561,2.16,542.42,0.0551951084789214
964.0,0.6,0.561,2.17,541.73,0.0551951084789214
965.0,0.6,0.561,2.16,541.57,0.0551951084789214
966.0,0.6,0.561,2.15,542.59,0.0551951084789214
967.0,0.6,0.561,2.16,541.77,0.0551951084789214
968.0,0.6,0.561,2.17,541.81,0.0551951084789214
969.0,0.6,0.561,2.17,541.7,0.0551951084789214
970.0,0.6,0.561,2.14,541.86,0.0551951084789214
971.0,0.6,0.561,2.16,542.13,0.0551951084789214
972.0,0.6,0.561,2.16,541.62,0.0551951084789214
973.0,0.6,0.561,2.15,541.72,0.0551951084789214
974.0,0.6,0.561,2.15,541.84,0.0551951084789214
975.0,0.6,0.561,2.16,541.67,0.0551951084789214
976.0,0.6,0.561,2.15,542.36,0.0551951084789214
977.0,0.6,0.561,2.15,542.19,0.0551951084789214
978.0,0.6,0.561,2.14,541.55,0.0551951084789214
979.0,0.6,0.561,2.15,541.68,0.0551951084789214
980.0,0.6,0.561,2.15,542.2,0.0551951084789214
981.0,0.6,0.561,2.15,541.68,0.0551951084789214
982.0,0.6,0.561,2.16,541.77,0.0551951084789214
983.0,0.6,0.561,2.16,541.38,0.0551951084789214
984.0,0.6,0.561,2.17,541.79,0.0551951084789214
985.0,0.6,0.561,2.15,541.63,0.0551951084789214
986.0,0.6,0.561,2.15,541.88,0.0551951084789214
987.0,0.6,0.561,2.15,541.1,0.0551951084789214
988.0,0.6,0.561,2.14,542.39,0.0551951084789214
989.0,0.6,0.561,2.15,541.36,0.0551951084789214
990.0,0.6,0.561,2.17,542.01,0.0551951084789214
991.0,0.6,0.561,2.15,542.61,0.0551951084789214
992.0,0.6,0.561,2.16,541.22,0.0551951084789214
993.0,0.6,0.561,2.14,541.0,0.0551951084789214
994.0,0.6,0.561,2.15,541.38,0.0551951084789214
995.0,0.6,0.561,2.15,542.16,0.0551951084789214
996.0,0.6,0.561,2.17,542.03,0.0551951084789214
997.0,0.6,0.561,2.18,541.7,0.0551951084789214
998.0,0.6,0.561,2.14,541.2,0.0551951084789214
999.0,0.6,0.561,2.17,541.53,0.0551951084789214
1000.0,0.6,0.561,2.15,542.56,0.0551951084789214
1001.0,0.6,0.561,2.2,541.78,0.0551951084789214
1.0,0.8,0.5556,0.0,0.0,0.040244751210562
2.0,0.8,0.55605,7.01,5792.65,0.0429144206532022
3.0,0.8,0.5568,6.65,4823.37,0.0427640035543919
4.0,0.8,0.556,5.9,4181.52,0.0439146900250923
5.0,0.8,0.5558,5.72,3714.0,0.0440665405948785
6.0,0.8,0.55675,5.06,3369.84,0.043054471312512
7.0,0.8,0.557,4.87,3094.3,0.0436004587131825
8.0,0.8,0.55605,4.72,2867.85,0.04320471617775
9.0,0.8,0.55655,4.33,2692.24,0.0435470722322409
10.0,0.8,0.5572,4.51,2525.4,0.043117977689126
11.0,0.8,0.55725,4.28,2401.09,0.0429265360820087
12.0,0.8,0.5567,4.19,2285.0,0.0429256333674889
13.0,0.8,0.5567,3.86,2182.47,0.0433083132897147
14.0,0.8,0.55695,3.92,2099.31,0.0431676672985691
15.0,0.8,0.557,4.0,2021.95,0.0429883705204089
16.0,0.8,0.5569,3.84,1949.82,0.0428297793596934
17.0,0.8,0.5568,3.69,1888.97,0.0430146486676347
18.0,0.8,0.557,3.76,1829.62,0.0428193881320125
19.0,0.8,0.5567,3.61,1779.58,0.043001279050745
20.0,0.8,0.5566,3.49,1727.43,0.0428828637103448
21.0,0.8,0.557,3.35,1686.24,0.0428835632847822
22.0,0.8,0.5568,3.48,1641.84,0.0428516044040364
23.0,0.8,0.55675,3.34,1611.27,0.0429905512874637
24.0,0.8,0.55675,3.5,1576.21,0.0428274152850721
25.0,0.8,0.5568,3.38,1539.8,0.0428340985664464
26.0,0.8,0.5569,3.3,1511.24,0.0428414518894966
27.0,0.8,0.55695,3.19,1486.99,0.0431329050725774
28.0,0.8,0.55675,3.22,1460.11,0.0426870882117768
29.0,0.8,0.55675,3.09,1434.69,0.0429556457290542
30.0,0.8,0.5568,3.29,1416.12,0.0429564896144927
31.0,0.8,0.5569,3.17,1395.95,0.0428064247514321
32.0,0.8,0.55685,3.05,1370.22,0.0429339900312088
33.0,0.8,0.5568,3.02,1355.0,0.0429157313813953
34.0,0.8,0.55675,3.03,1333.96,0.0429381823089896
35.0,0.8,0.5568,3.15,1322.05,0.0428924235734014
36.0,0.8,0.55675,3.1,1303.61,0.0428915784274725
37.0,0.8,0.55685,2.89,1289.25,0.0429456342367878
38.0,0.8,0.5567,3.04,1273.3,0.0429372798393197
39.0,0.8,0.55665,2.98,1263.89,0.0429654221438591
40.0,0.8,0.5567,2.94,1248.63,0.0427447072747027
41.0,0.8,0.5567,2.97,1235.24,0.0427447072747027
42.0,0.8,0.55675,2.96,1221.44,0.0427865340966061
43.0,0.8,0.55665,2.94,1214.93,0.0427905071248288
44.0,0.8,0.5568,2.8,1199.7,0.042950669377788
45.0,0.8,0.5566,2.93,1189.75,0.0427777979797936
46.0,0.8,0.5567,2.86,1181.42,0.0427447072747027
47.0,0.8,0.55675,2.86,1172.56,0.0429381823089896
48.0,0.8,0.5567,2.8,1163.36,0.0427447072747027
49.0,0.8,0.55665,2.82,1156.34,0.0427905071248288
50.0,0.8,0.5567,2.9,1145.34,0.0427447072747027
51.0,0.8,0.5567,2.95,1137.52,0.0427447072747027
52.0,0.8,0.55675,2.92,1126.92,0.0428915784274725
53.0,0.8,0.55665,2.91,1117.86,0.0427320430122408
54.0,0.8,0.5567,2.87,1115.16,0.0427447072747027
55.0,0.8,0.5567,2.93,1106.03,0.0427447072747027
56.0,0.8,0.55675,2.81,1097.74,0.0428915784274725
57.0,0.8,0.55675,2.87,1093.28,0.0427865340966061
58.0,0.8,0.5567,2.82,1081.65,0.0427447072747027
59.0,0.8,0.55675,2.77,1078.61,0.0427865340966061
60.0,0.8,0.5567,2.78,1075.3,0.0427447072747027
61.0,0.8,0.5567,2.78,1065.1,0.0427447072747027
62.0,0.8,0.5567,2.86,1060.65,0.0427447072747027
63.0,0.8,0.5567,2.77,1053.72,0.0427447072747027
64.0,0.8,0.5567,2.84,1055.51,0.0427447072747027
65.0,0.8,0.5567,2.76,1045.5,0.0427447072747027
66.0,0.8,0.5567,2.77,1040.21,0.0427447072747027
67.0,0.8,0.5567,2.89,1034.25,0.0427447072747027
68.0,0.8,0.5567,2.85,1031.93,0.0427447072747027
69.0,0.8,0.5567,2.69,1027.23,0.0427447072747027
70.0,0.8,0.5567,2.79,1020.93,0.0427447072747027
71.0,0.8,0.5567,2.84,1018.33,0.0427447072747027
72.0,0.8,0.5567,2.69,1013.76,0.0427447072747027
73.0,0.8,0.5567,2.61,1008.98,0.0427447072747027
74.0,0.8,0.5567,2.66,1002.91,0.0427447072747027
75.0,0.8,0.5567,2.68,1000.59,0.0427447072747027
76.0,0.8,0.5567,2.71,997.6,0.0427447072747027
77.0,0.8,0.5567,2.79,993.22,0.0427447072747027
78.0,0.8,0.5567,2.65,987.86,0.0427447072747027
79.0,0.8,0.5567,2.65,985.93,0.0427447072747027
80.0,0.8,0.5567,2.65,982.82,0.0427447072747027
81.0,0.8,0.5567,2.62,980.79,0.0427447072747027
82.0,0.8,0.5567,2.71,975.52,0.0427447072747027
83.0,0.8,0.5567,2.71,973.53,0.0427447072747027
84.0,0.8,0.5567,2.6,972.36,0.0427447072747027
85.0,0.8,0.5567,2.61,966.2,0.0427447072747027
86.0,0.8,0.5567,2.72,963.56,0.0427447072747027
87.0,0.8,0.5567,2.63,963.6,0.0427447072747027
88.0,0.8,0.5567,2.58,957.14,0.0427447072747027
89.0,0.8,0.5567,2.67,954.81,0.0427447072747027
90.0,0.8,0.5567,2.62,951.66,0.0427447072747027
91.0,0.8,0.5567,2.67,950.52,0.0427447072747027
92.0,0.8,0.5567,2.59,947.31,0.0427447072747027
93.0,0.8,0.5567,2.56,941.49,0.0427447072747027
94.0,0.8,0.5567,2.63,942.25,0.0427447072747027
95.0,0.8,0.5567,2.66,939.15,0.0427447072747027
96.0,0.8,0.5567,2.67,937.92,0.0427447072747027
97.0,0.8,0.5567,2.71,935.63,0.0427447072747027
98.0,0.8,0.5567,2.59,934.44,0.0427447072747027
99.0,0.8,0.5567,2.59,931.66,0.0427447072747027
100.0,0.8,0.5567,2.69,930.26,0.0427447072747027
101.0,0.8,0.5567,2.64,926.76,0.0427447072747027
102.0,0.8,0.5567,2.68,922.99,0.0427447072747027
103.0,0.8,0.5567,2.59,919.31,0.0427447072747027
104.0,0.8,0.5567,2.66,920.5,0.0427447072747027
105.0,0.8,0.5567,2.63,914.12,0.0427447072747027
106.0,0.8,0.5567,2.54,912.03,0.0427447072747027
107.0,0.8,0.5567,2.61,916.22,0.0427447072747027
108.0,0.8,0.5567,2.62,910.75,0.0427447072747027
109.0,0.8,0.5567,2.54,908.41,0.0427447072747027
110.0,0.8,0.5567,2.65,908.04,0.0427447072747027
111.0,0.8,0.5567,2.6,905.44,0.0427447072747027
112.0,0.8,0.5567,2.67,903.47,0.0427447072747027
113.0,0.8,0.5567,2.56,901.61,0.0427447072747027
114.0,0.8,0.5567,2.47,903.25,0.0427447072747027
115.0,0.8,0.5567,2.57,900.94,0.0427447072747027
116.0,0.8,0.5567,2.59,895.72,0.0427447072747027
117.0,0.8,0.5567,2.6,893.78,0.0427447072747027
118.0,0.8,0.5567,2.64,895.36,0.0427447072747027
119.0,0.8,0.5567,2.62,891.59,0.0427447072747027
120.0,0.8,0.5567,2.57,888.95,0.0427447072747027
121.0,0.8,0.5567,2.63,891.09,0.0427447072747027
122.0,0.8,0.5567,2.62,887.08,0.0427447072747027
123.0,0.8,0.5567,2.66,886.51,0.0427447072747027
124.0,0.8,0.5567,2.62,883.75,0.0427447072747027
125.0,0.8,0.5567,2.57,883.77,0.0427447072747027
126.0,0.8,0.5567,2.54,882.04,0.0427447072747027
127.0,0.8,0.5567,2.63,879.36,0.0427447072747027
128.0,0.8,0.5567,2.58,876.4,0.0427447072747027
129.0,0.8,0.5567,2.62,877.83,0.0427447072747027
130.0,0.8,0.5567,2.53,877.95,0.0427447072747027
131.0,0.8,0.5567,2.61,875.49,0.0427447072747027
132.0,0.8,0.5567,2.51,872.42,0.0427447072747027
133.0,0.8,0.5567,2.62,871.06,0.0427447072747027
134.0,0.8,0.5567,2.54,870.14,0.0427447072747027
135.0,0.8,0.5567,2.62,870.51,0.0427447072747027
136.0,0.8,0.5567,2.64,868.69,0.0427447072747027
137.0,0.8,0.5567,2.58,869.12,0.0427447072747027
138.0,0.8,0.5567,2.58,864.75,0.0427447072747027
139.0,0.8,0.5567,2.56,861.99,0.0427447072747027
140.0,0.8,0.5567,2.57,865.8,0.0427447072747027
141.0,0.8,0.5567,2.65,862.11,0.0427447072747027
142.0,0.8,0.5567,2.6,861.57,0.0427447072747027
143.0,0.8,0.5567,2.63,860.26,0.0427447072747027
144.0,0.8,0.5567,2.55,858.5,0.0427447072747027
145.0,0.8,0.5567,2.5,857.66,0.0427447072747027
146.0,0.8,0.5567,2.52,854.72,0.0427447072747027
147.0,0.8,0.5567,2.54,857.9,0.0427447072747027
148.0,0.8,0.5567,2.57,854.04,0.0427447072747027
149.0,0.8,0.5567,2.58,856.36,0.0427447072747027
150.0,0.8,0.5567,2.53,854.29,0.0427447072747027
151.0,0.8,0.5567,2.58,852.37,0.0427447072747027
152.0,0.8,0.5567,2.52,849.23,0.0427447072747027
153.0,0.8,0.5567,2.52,850.87,0.0427447072747027
154.0,0.8,0.5567,2.55,848.34,0.0427447072747027
155.0,0.8,0.5567,2.57,850.1,0.0427447072747027
156.0,0.8,0.5567,2.63,848.65,0.0427447072747027
157.0,0.8,0.5567,2.48,846.38,0.0427447072747027
158.0,0.8,0.5567,2.58,843.48,0.0427447072747027
159.0,0.8,0.5567,2.51,844.42,0.0427447072747027
160.0,0.8,0.5567,2.52,845.81,0.0427447072747027
161.0,0.8,0.5567,2.58,843.98,0.0427447072747027
162.0,0.8,0.5567,2.5,842.52,0.0427447072747027
163.0,0.8,0.5567,2.5,840.91,0.0427447072747027
164.0,0.8,0.5567,2.63,840.66,0.0427447072747027
165.0,0.8,0.5567,2.55,841.02,0.0427447072747027
166.0,0.8,0.5567,2.55,839.07,0.0427447072747027
167.0,0.8,0.5567,2.46,836.09,0.0427447072747027
168.0,0.8,0.5567,2.57,837.16,0.0427447072747027
169.0,0.8,0.5567,2.64,834.44,0.0427447072747027
170.0,0.8,0.5567,2.53,834.04,0.0427447072747027
171.0,0.8,0.5567,2.5,833.62,0.0427447072747027
172.0,0.8,0.5567,2.54,835.51,0.0427447072747027
173.0,0.8,0.5567,2.57,832.99,0.0427447072747027
174.0,0.8,0.5567,2.56,831.5,0.0427447072747027
175.0,0.8,0.5567,2.56,830.66,0.0427447072747027
176.0,0.8,0.5567,2.51,831.0,0.0427447072747027
177.0,0.8,0.5567,2.51,830.57,0.0427447072747027
178.0,0.8,0.5567,2.47,830.43,0.0427447072747027
179.0,0.8,0.5567,2.6,827.35,0.0427447072747027
180.0,0.8,0.5567,2.61,829.54,0.0427447072747027
181.0,0.8,0.5567,2.55,825.33,0.0427447072747027
182.0,0.8,0.5567,2.53,827.63,0.0427447072747027
183.0,0.8,0.5567,2.57,825.79,0.0427447072747027
184.0,0.8,0.5567,2.59,823.56,0.0427447072747027
185.0,0.8,0.5567,2.5,825.43,0.0427447072747027
186.0,0.8,0.5567,2.52,823.52,0.0427447072747027
187.0,0.8,0.5567,2.5,823.91,0.0427447072747027
188.0,0.8,0.5567,2.51,821.76,0.0427447072747027
189.0,0.8,0.5567,2.53,822.85,0.0427447072747027
190.0,0.8,0.5567,2.48,821.17,0.0427447072747027
191.0,0.8,0.5567,2.49,822.59,0.0427447072747027
192.0,0.8,0.5567,2.59,821.89,0.0427447072747027
193.0,0.8,0.5567,2.53,818.82,0.0427447072747027
194.0,0.8,0.5567,2.52,821.37,0.0427447072747027
195.0,0.8,0.5567,2.53,819.81,0.0427447072747027
196.0,0.8,0.5567,2.46,818.5,0.0427447072747027
197.0,0.8,0.5567,2.53,815.55,0.0427447072747027
198.0,0.8,0.5567,2.56,816.42,0.0427447072747027
199.0,0.8,0.5567,2.51,815.07,0.0427447072747027
200.0,0.8,0.5567,2.47,814.22,0.0427447072747027
201.0,0.8,0.5567,2.56,813.51,0.0427447072747027
202.0,0.8,0.5567,2.48,811.76,0.0427447072747027
203.0,0.8,0.5567,2.51,814.24,0.0427447072747027
204.0,0.8,0.5567,2.54,812.91,0.0427447072747027
205.0,0.8,0.5567,2.52,811.51,0.0427447072747027
206.0,0.8,0.5567,2.5,809.92,0.0427447072747027
207.0,0.8,0.5567,2.5,810.28,0.0427447072747027
208.0,0.8,0.5567,2.54,810.27,0.0427447072747027
209.0,0.8,0.5567,2.48,809.34,0.0427447072747027
210.0,0.8,0.5567,2.47,810.81,0.0427447072747027
211.0,0.8,0.5567,2.52,808.6,0.0427447072747027
212.0,0.8,0.5567,2.49,807.65,0.0427447072747027
213.0,0.8,0.5567,2.57,806.44,0.0427447072747027
214.0,0.8,0.5567,2.45,808.14,0.0427447072747027
215.0,0.8,0.5567,2.47,806.24,0.0427447072747027
216.0,0.8,0.5567,2.52,807.33,0.0427447072747027
217.0,0.8,0.5567,2.54,805.13,0.0427447072747027
218.0,0.8,0.5567,2.46,805.28,0.0427447072747027
219.0,0.8,0.5567,2.45,805.9,0.0427447072747027
220.0,0.8,0.5567,2.51,803.52,0.0427447072747027
221.0,0.8,0.5567,2.58,805.01,0.0427447072747027
222.0,0.8,0.5567,2.47,803.26,0.0427447072747027
223.0,0.8,0.5567,2.55,801.06,0.0427447072747027
224.0,0.8,0.5567,2.51,802.56,0.0427447072747027
225.0,0.8,0.5567,2.47,803.44,0.0427447072747027
226.0,0.8,0.5567,2.52,803.04,0.0427447072747027
227.0,0.8,0.5567,2.57,801.44,0.0427447072747027
228.0,0.8,0.5567,2.53,800.01,0.0427447072747027
229.0,0.8,0.5567,2.47,799.04,0.0427447072747027
230.0,0.8,0.5567,2.52,798.8,0.0427447072747027
231.0,0.8,0.5567,2.46,801.91,0.0427447072747027
232.0,0.8,0.5567,2.46,798.7,0.0427447072747027
233.0,0.8,0.5567,2.58,798.93,0.0427447072747027
234.0,0.8,0.5567,2.47,799.08,0.0427447072747027
235.0,0.8,0.5567,2.47,797.57,0.0427447072747027
236.0,0.8,0.5567,2.45,797.52,0.0427447072747027
237.0,0.8,0.5567,2.53,795.69,0.0427447072747027
238.0,0.8,0.5567,2.47,795.51,0.0427447072747027
239.0,0.8,0.5567,2.41,794.87,0.0427447072747027
240.0,0.8,0.5567,2.5,794.84,0.0427447072747027
241.0,0.8,0.5567,2.47,794.25,0.0427447072747027
242.0,0.8,0.5567,2.48,795.71,0.0427447072747027
243.0,0.8,0.5567,2.5,793.57,0.0427447072747027
244.0,0.8,0.5567,2.54,796.59,0.0427447072747027
245.0,0.8,0.5567,2.49,793.15,0.0427447072747027
246.0,0.8,0.5567,2.46,794.47,0.0427447072747027
247.0,0.8,0.5567,2.58,792.06,0.0427447072747027
248.0,0.8,0.5567,2.44,794.11,0.0427447072747027
249.0,0.8,0.5567,2.5,792.11,0.0427447072747027
250.0,0.8,0.5567,2.53,792.88,0.0427447072747027
251.0,0.8,0.5567,2.46,792.34,0.0427447072747027
252.0,0.8,0.5567,2.45,790.48,0.0427447072747027
253.0,0.8,0.5567,2.51,790.76,0.0427447072747027
254.0,0.8,0.5567,2.48,793.48,0.0427447072747027
255.0,0.8,0.5567,2.5,789.54,0.0427447072747027
256.0,0.8,0.5567,2.52,788.13,0.0427447072747027
257.0,0.8,0.5567,2.45,790.94,0.0427447072747027
258.0,0.8,0.5567,2.42,786.75,0.0427447072747027
259.0,0.8,0.5567,2.52,789.41,0.0427447072747027
260.0,0.8,0.5567,2.53,789.11,0.0427447072747027
261.0,0.8,0.5567,2.43,789.57,0.0427447072747027
262.0,0.8,0.5567,2.52,787.5,0.0427447072747027
263.0,0.8,0.5567,2.47,787.35,0.0427447072747027
264.0,0.8,0.5567,2.46,786.28,0.0427447072747027
265.0,0.8,0.5567,2.53,785.99,0.0427447072747027
266.0,0.8,0.5567,2.46,787.46,0.0427447072747027
267.0,0.8,0.5567,2.47,785.22,0.0427447072747027
268.0,0.8,0.5567,2.51,786.39,0.0427447072747027
269.0,0.8,0.5567,2.46,785.65,0.0427447072747027
270.0,0.8,0.5567,2.46,783.48,0.0427447072747027
271.0,0.8,0.5567,2.44,784.06,0.0427447072747027
272.0,0.8,0.5567,2.48,783.4,0.0427447072747027
273.0,0.8,0.5567,2.51,784.13,0.0427447072747027
274.0,0.8,0.5567,2.47,784.95,0.0427447072747027
275.0,0.8,0.5567,2.44,783.72,0.0427447072747027
276.0,0.8,0.5567,2.45,783.66,0.0427447072747027
277.0,0.8,0.5567,2.45,782.42,0.0427447072747027
278.0,0.8,0.5567,2.44,783.15,0.0427447072747027
279.0,0.8,0.5567,2.47,779.78,0.0427447072747027
280.0,0.8,0.5567,2.49,783.49,0.0427447072747027
281.0,0.8,0.5567,2.47,781.37,0.0427447072747027
282.0,0.8,0.5567,2.43,781.16,0.0427447072747027
283.0,0.8,0.5567,2.46,779.02,0.0427447072747027
284.0,0.8,0.5567,2.46,781.71,0.0427447072747027
285.0,0.8,0.5567,2.44,780.12,0.0427447072747027
286.0,0.8,0.5567,2.48,780.43,0.0427447072747027
287.0,0.8,0.5567,2.53,779.52,0.0427447072747027
288.0,0.8,0.5567,2.46,777.85,0.0427447072747027
289.0,0.8,0.5567,2.54,778.35,0.0427447072747027
290.0,0.8,0.5567,2.45,778.17,0.0427447072747027
291.0,0.8,0.5567,2.49,779.57,0.0427447072747027
292.0,0.8,0.5567,2.47,778.96,0.0427447072747027
293.0,0.8,0.5567,2.44,779.02,0.0427447072747027
294.0,0.8,0.5567,2.47,779.02,0.0427447072747027
295.0,0.8,0.5567,2.52,779.98,0.0427447072747027
296.0,0.8,0.5567,2.47,778.02,0.0427447072747027
297.0,0.8,0.5567,2.54,776.89,0.0427447072747027
298.0,0.8,0.5567,2.5,776.6,0.0427447072747027
299.0,0.8,0.5567,2.53,775.55,0.0427447072747027
300.0,0.8,0.5567,2.45,777.59,0.0427447072747027
301.0,0.8,0.5567,2.42,775.7,0.0427447072747027
302.0,0.8,0.5567,2.48,777.36,0.0427447072747027
303.0,0.8,0.5567,2.48,774.37,0.0427447072747027
304.0,0.8,0.5567,2.4,774.87,0.0427447072747027
305.0,0.8,0.5567,2.44,775.96,0.0427447072747027
306.0,0.8,0.5567,2.41,774.45,0.0427447072747027
307.0,0.8,0.5567,2.47,774.24,0.0427447072747027
308.0,0.8,0.5567,2.47,772.86,0.0427447072747027
309.0,0.8,0.5567,2.43,773.87,0.0427447072747027
310.0,0.8,0.5567,2.47,771.87,0.0427447072747027
311.0,0.8,0.5567,2.42,772.96,0.0427447072747027
312.0,0.8,0.5567,2.46,772.41,0.0427447072747027
313.0,0.8,0.5567,2.45,773.92,0.0427447072747027
314.0,0.8,0.5567,2.5,773.19,0.0427447072747027
315.0,0.8,0.5567,2.42,773.56,0.0427447072747027
316.0,0.8,0.5567,2.47,772.88,0.0427447072747027
317.0,0.8,0.5567,2.48,771.43,0.0427447072747027
318.0,0.8,0.5567,2.42,772.87,0.0427447072747027
319.0,0.8,0.5567,2.42,770.95,0.0427447072747027
320.0,0.8,0.5567,2.38,770.06,0.0427447072747027
321.0,0.8,0.5567,2.41,771.2,0.0427447072747027
322.0,0.8,0.5567,2.46,771.8,0.0427447072747027
323.0,0.8,0.5567,2.46,769.31,0.0427447072747027
324.0,0.8,0.5567,2.46,771.44,0.0427447072747027
325.0,0.8,0.5567,2.47,770.5,0.0427447072747027
326.0,0.8,0.5567,2.47,770.79,0.0427447072747027
327.0,0.8,0.5567,2.45,767.71,0.0427447072747027
328.0,0.8,0.5567,2.42,769.67,0.0427447072747027
329.0,0.8,0.5567,2.46,769.41,0.0427447072747027
330.0,0.8,0.5567,2.43,767.35,0.0427447072747027
331.0,0.8,0.5567,2.44,769.0,0.0427447072747027
332.0,0.8,0.5567,2.47,768.84,0.0427447072747027
333.0,0.8,0.5567,2.43,766.74,0.0427447072747027
334.0,0.8,0.5567,2.46,768.71,0.0427447072747027
335.0,0.8,0.5567,2.44,767.35,0.0427447072747027
336.0,0.8,0.5567,2.45,767.01,0.0427447072747027
337.0,0.8,0.5567,2.44,767.1,0.0427447072747027
338.0,0.8,0.5567,2.41,766.86,0.0427447072747027
339.0,0.8,0.5567,2.45,768.44,0.0427447072747027
340.0,0.8,0.5567,2.41,765.99,0.0427447072747027
341.0,0.8,0.5567,2.51,767.63,0.0427447072747027
342.0,0.8,0.5567,2.51,767.23,0.0427447072747027
343.0,0.8,0.5567,2.5,766.54,0.0427447072747027
344.0,0.8,0.5567,2.47,766.63,0.0427447072747027
345.0,0.8,0.5567,2.44,765.97,0.0427447072747027
346.0,0.8,0.5567,2.52,766.4,0.0427447072747027
347.0,0.8,0.5567,2.51,766.12,0.0427447072747027
348.0,0.8,0.5567,2.4,765.59,0.0427447072747027
349.0,0.8,0.5567,2.48,766.18,0.0427447072747027
350.0,0.8,0.5567,2.49,764.67,0.0427447072747027
351.0,0.8,0.5567,2.51,764.78,0.0427447072747027
352.0,0.8,0.5567,2.45,763.56,0.0427447072747027
353.0,0.8,0.5567,2.42,764.94,0.0427447072747027
354.0,0.8,0.5567,2.42,764.93,0.0427447072747027
355.0,0.8,0.5567,2.44,764.42,0.0427447072747027
356.0,0.8,0.5567,2.44,764.82,0.0427447072747027
357.0,0.8,0.5567,2.48,764.48,0.0427447072747027
358.0,0.8,0.5567,2.44,765.13,0.0427447072747027
359.0,0.8,0.5567,2.39,762.25,0.0427447072747027
360.0,0.8,0.5567,2.39,763.14,0.0427447072747027
361.0,0.8,0.5567,2.49,763.78,0.0427447072747027
362.0,0.8,0.5567,2.46,762.61,0.0427447072747027
363.0,0.8,0.5567,2.45,763.73,0.0427447072747027
364.0,0.8,0.5567,2.45,763.4,0.0427447072747027
365.0,0.8,0.5567,2.4,761.42,0.0427447072747027
366.0,0.8,0.5567,2.49,762.2,0.0427447072747027
367.0,0.8,0.5567,2.46,763.14,0.0427447072747027
368.0,0.8,0.5567,2.42,762.67,0.0427447072747027
369.0,0.8,0.5567,2.46,761.39,0.0427447072747027
370.0,0.8,0.5567,2.45,761.66,0.0427447072747027
371.0,0.8,0.5567,2.42,759.53,0.0427447072747027
372.0,0.8,0.5567,2.39,762.03,0.0427447072747027
373.0,0.8,0.5567,2.46,762.34,0.0427447072747027
374.0,0.8,0.5567,2.41,759.6,0.0427447072747027
375.0,0.8,0.5567,2.49,761.23,0.0427447072747027
376.0,0.8,0.5567,2.39,761.0,0.0427447072747027
377.0,0.8,0.5567,2.45,760.75,0.0427447072747027
378.0,0.8,0.5567,2.4,760.87,0.0427447072747027
379.0,0.8,0.5567,2.5,759.2,0.0427447072747027
380.0,0.8,0.5567,2.46,760.21,0.0427447072747027
381.0,0.8,0.5567,2.44,758.84,0.0427447072747027
382.0,0.8,0.5567,2.45,759.63,0.0427447072747027
383.0,0.8,0.5567,2.41,761.6,0.0427447072747027
384.0,0.8,0.5567,2.47,758.01,0.0427447072747027
385.0,0.8,0.5567,2.43,760.42,0.0427447072747027
386.0,0.8,0.5567,2.43,759.39,0.0427447072747027
387.0,0.8,0.5567,2.43,758.88,0.0427447072747027
388.0,0.8,0.5567,2.45,758.91,0.0427447072747027
389.0,0.8,0.5567,2.48,758.06,0.0427447072747027
390.0,0.8,0.5567,2.48,758.52,0.0427447072747027
391.0,0.8,0.5567,2.44,756.94,0.0427447072747027
392.0,0.8,0.5567,2.45,757.3,0.0427447072747027
393.0,0.8,0.5567,2.44,758.14,0.0427447072747027
394.0,0.8,0.5567,2.46,758.4,0.0427447072747027
395.0,0.8,0.5567,2.46,758.77,0.0427447072747027
396.0,0.8,0.5567,2.48,756.75,0.0427447072747027
397.0,0.8,0.5567,2.38,758.11,0.0427447072747027
398.0,0.8,0.5567,2.48,756.69,0.0427447072747027
399.0,0.8,0.5567,2.49,757.18,0.0427447072747027
400.0,0.8,0.5567,2.42,755.43,0.0427447072747027
401.0,0.8,0.5567,2.42,756.32,0.0427447072747027
402.0,0.8,0.5567,2.44,756.18,0.0427447072747027
403.0,0.8,0.5567,2.44,754.91,0.0427447072747027
404.0,0.8,0.5567,2.48,754.54,0.0427447072747027
405.0,0.8,0.5567,2.46,757.68,0.0427447072747027
406.0,0.8,0.5567,2.41,756.15,0.0427447072747027
407.0,0.8,0.5567,2.47,756.15,0.0427447072747027
408.0,0.8,0.5567,2.41,754.7,0.0427447072747027
409.0,0.8,0.5567,2.4,754.42,0.0427447072747027
410.0,0.8,0.5567,2.44,754.22,0.0427447072747027
411.0,0.8,0.5567,2.44,756.23,0.0427447072747027
412.0,0.8,0.5567,2.46,754.68,0.0427447072747027
413.0,0.8,0.5567,2.45,753.42,0.0427447072747027
414.0,0.8,0.5567,2.4,755.86,0.0427447072747027
415.0,0.8,0.5567,2.46,754.76,0.0427447072747027
416.0,0.8,0.5567,2.42,754.79,0.0427447072747027
417.0,0.8,0.5567,2.44,753.73,0.0427447072747027
418.0,0.8,0.5567,2.4,755.01,0.0427447072747027
419.0,0.8,0.5567,2.42,754.56,0.0427447072747027
420.0,0.8,0.5567,2.45,753.25,0.0427447072747027
421.0,0.8,0.5567,2.44,754.4,0.0427447072747027
422.0,0.8,0.5567,2.47,753.96,0.0427447072747027
423.0,0.8,0.5567,2.45,752.91,0.0427447072747027
424.0,0.8,0.5567,2.38,753.64,0.0427447072747027
425.0,0.8,0.5567,2.4,751.62,0.0427447072747027
426.0,0.8,0.5567,2.39,753.1,0.0427447072747027
427.0,0.8,0.5567,2.48,752.84,0.0427447072747027
428.0,0.8,0.5567,2.46,755.02,0.0427447072747027
429.0,0.8,0.5567,2.44,752.87,0.0427447072747027
430.0,0.8,0.5567,2.39,753.3,0.0427447072747027
431.0,0.8,0.5567,2.42,753.3,0.0427447072747027
432.0,0.8,0.5567,2.46,753.12,0.0427447072747027
433.0,0.8,0.5567,2.41,752.25,0.0427447072747027
434.0,0.8,0.5567,2.42,751.5,0.0427447072747027
435.0,0.8,0.5567,2.46,752.2,0.0427447072747027
436.0,0.8,0.5567,2.41,751.97,0.0427447072747027
437.0,0.8,0.5567,2.47,752.23,0.0427447072747027
438.0,0.8,0.5567,2.46,751.07,0.0427447072747027
439.0,0.8,0.5567,2.45,753.06,0.0427447072747027
440.0,0.8,0.5567,2.41,751.9,0.0427447072747027
441.0,0.8,0.5567,2.42,749.95,0.0427447072747027
442.0,0.8,0.5567,2.43,751.54,0.0427447072747027
443.0,0.8,0.5567,2.45,750.86,0.0427447072747027
444.0,0.8,0.5567,2.41,751.48,0.0427447072747027
445.0,0.8,0.5567,2.4,750.19,0.0427447072747027
446.0,0.8,0.5567,2.41,749.19,0.0427447072747027
447.0,0.8,0.5567,2.4,750.25,0.0427447072747027
448.0,0.8,0.5567,2.48,750.27,0.0427447072747027
449.0,0.8,0.5567,2.41,751.65,0.0427447072747027
450.0,0.8,0.5567,2.47,751.31,0.0427447072747027
451.0,0.8,0.5567,2.41,750.43,0.0427447072747027
452.0,0.8,0.5567,2.44,750.78,0.0427447072747027
453.0,0.8,0.5567,2.44,747.41,0.0427447072747027
454.0,0.8,0.5567,2.46,750.44,0.0427447072747027
455.0,0.8,0.5567,2.44,750.16,0.0427447072747027
456.0,0.8,0.5567,2.41,749.96,0.0427447072747027
457.0,0.8,0.5567,2.43,748.61,0.0427447072747027
458.0,0.8,0.5567,2.4,749.63,0.0427447072747027
459.0,0.8,0.5567,2.4,751.1,0.0427447072747027
460.0,0.8,0.5567,2.42,749.03,0.0427447072747027
461.0,0.8,0.5567,2.39,748.77,0.0427447072747027
462.0,0.8,0.5567,2.47,748.47,0.0427447072747027
463.0,0.8,0.5567,2.38,748.3,0.0427447072747027
464.0,0.8,0.5567,2.42,748.41,0.0427447072747027
465.0,0.8,0.5567,2.5,749.08,0.0427447072747027
466.0,0.8,0.5567,2.44,748.45,0.0427447072747027
467.0,0.8,0.5567,2.38,747.81,0.0427447072747027
468.0,0.8,0.5567,2.41,749.17,0.0427447072747027
469.0,0.8,0.5567,2.45,748.03,0.0427447072747027
470.0,0.8,0.5567,2.44,749.45,0.0427447072747027
471.0,0.8,0.5567,2.43,748.32,0.0427447072747027
472.0,0.8,0.5567,2.45,747.67,0.0427447072747027
473.0,0.8,0.5567,2.38,748.57,0.0427447072747027
474.0,0.8,0.5567,2.46,747.32,0.0427447072747027
475.0,0.8,0.5567,2.42,748.49,0.0427447072747027
476.0,0.8,0.5567,2.43,748.17,0.0427447072747027
477.0,0.8,0.5567,2.47,748.75,0.0427447072747027
478.0,0.8,0.5567,2.41,747.9,0.0427447072747027
479.0,0.8,0.5567,2.42,748.23,0.0427447072747027
480.0,0.8,0.5567,2.43,747.46,0.0427447072747027
481.0,0.8,0.5567,2.37,747.33,0.0427447072747027
482.0,0.8,0.5567,2.44,747.46,0.0427447072747027
483.0,0.8,0.5567,2.41,746.08,0.0427447072747027
484.0,0.8,0.5567,2.41,746.07,0.0427447072747027
485.0,0.8,0.5567,2.48,746.73,0.0427447072747027
486.0,0.8,0.5567,2.47,747.3,0.0427447072747027
487.0,0.8,0.5567,2.44,746.94,0.0427447072747027
488.0,0.8,0.5567,2.46,744.77,0.0427447072747027
489.0,0.8,0.5567,2.43,747.64,0.0427447072747027
490.0,0.8,0.5567,2.39,745.19,0.0427447072747027
491.0,0.8,0.5567,2.47,746.62,0.0427447072747027
492.0,0.8,0.5567,2.39,745.8,0.0427447072747027
493.0,0.8,0.5567,2.36,746.85,0.0427447072747027
494.0,0.8,0.5567,2.43,746.66,0.0427447072747027
495.0,0.8,0.5567,2.47,746.09,0.0427447072747027
496.0,0.8,0.5567,2.38,745.46,0.0427447072747027
497.0,0.8,0.5567,2.42,745.31,0.0427447072747027
498.0,0.8,0.5567,2.44,745.08,0.0427447072747027
499.0,0.8,0.5567,2.44,745.43,0.0427447072747027
500.0,0.8,0.5567,2.42,746.14,0.0427447072747027
501.0,0.8,0.5567,2.42,744.13,0.0427447072747027
502.0,0.8,0.5567,2.45,745.63,0.0427447072747027
503.0,0.8,0.5567,2.38,746.04,0.0427447072747027
504.0,0.8,0.5567,2.44,745.53,0.0427447072747027
505.0,0.8,0.5567,2.46,743.3,0.0427447072747027
506.0,0.8,0.5567,2.43,743.76,0.0427447072747027
507.0,0.8,0.5567,2.41,744.26,0.0427447072747027
508.0,0.8,0.5567,2.42,745.18,0.0427447072747027
509.0,0.8,0.5567,2.42,744.43,0.0427447072747027
510.0,0.8,0.5567,2.44,745.53,0.0427447072747027
511.0,0.8,0.5567,2.44,743.37,0.0427447072747027
512.0,0.8,0.5567,2.42,744.76,0.0427447072747027
513.0,0.8,0.5567,2.39,745.78,0.0427447072747027
514.0,0.8,0.5567,2.45,744.39,0.0427447072747027
515.0,0.8,0.5567,2.43,743.12,0.0427447072747027
516.0,0.8,0.5567,2.42,743.94,0.0427447072747027
517.0,0.8,0.5567,2.4,744.97,0.0427447072747027
518.0,0.8,0.5567,2.42,743.26,0.0427447072747027
519.0,0.8,0.5567,2.46,743.67,0.0427447072747027
520.0,0.8,0.5567,2.42,743.52,0.0427447072747027
521.0,0.8,0.5567,2.44,743.4,0.0427447072747027
522.0,0.8,0.5567,2.44,743.88,0.0427447072747027
523.0,0.8,0.5567,2.42,742.08,0.0427447072747027
524.0,0.8,0.5567,2.43,742.4,0.0427447072747027
525.0,0.8,0.5567,2.38,743.71,0.0427447072747027
526.0,0.8,0.5567,2.39,743.65,0.0427447072747027
527.0,0.8,0.5567,2.44,741.4,0.0427447072747027
528.0,0.8,0.5567,2.41,742.87,0.0427447072747027
529.0,0.8,0.5567,2.44,741.37,0.0427447072747027
530.0,0.8,0.5567,2.43,743.28,0.0427447072747027
531.0,0.8,0.5567,2.44,742.37,0.0427447072747027
532.0,0.8,0.5567,2.43,740.94,0.0427447072747027
533.0,0.8,0.5567,2.47,741.68,0.0427447072747027
534.0,0.8,0.5567,2.5,742.49,0.0427447072747027
535.0,0.8,0.5567,2.45,742.99,0.0427447072747027
536.0,0.8,0.5567,2.39,742.7,0.0427447072747027
537.0,0.8,0.5567,2.35,742.36,0.0427447072747027
538.0,0.8,0.5567,2.39,741.15,0.0427447072747027
539.0,0.8,0.5567,2.43,740.97,0.0427447072747027
540.0,0.8,0.5567,2.41,741.99,0.0427447072747027
541.0,0.8,0.5567,2.4,740.1,0.0427447072747027
542.0,0.8,0.5567,2.42,741.1,0.0427447072747027
543.0,0.8,0.5567,2.41,741.9,0.0427447072747027
544.0,0.8,0.5567,2.42,741.06,0.0427447072747027
545.0,0.8,0.5567,2.38,741.42,0.0427447072747027
546.0,0.8,0.5567,2.46,740.62,0.0427447072747027
547.0,0.8,0.5567,2.45,741.52,0.0427447072747027
548.0,0.8,0.5567,2.42,740.5,0.0427447072747027
549.0,0.8,0.5567,2.42,740.54,0.0427447072747027
550.0,0.8,0.5567,2.38,740.41,0.0427447072747027
551.0,0.8,0.5567,2.43,740.51,0.0427447072747027
552.0,0.8,0.5567,2.4,740.46,0.0427447072747027
553.0,0.8,0.5567,2.43,740.38,0.0427447072747027
554.0,0.8,0.5567,2.41,739.94,0.0427447072747027
555.0,0.8,0.5567,2.41,740.41,0.0427447072747027
556.0,0.8,0.5567,2.42,741.19,0.0427447072747027
557.0,0.8,0.5567,2.42,738.58,0.0427447072747027
558.0,0.8,0.5567,2.41,740.46,0.0427447072747027
559.0,0.8,0.5567,2.43,740.99,0.0427447072747027
560.0,0.8,0.5567,2.44,739.69,0.0427447072747027
561.0,0.8,0.5567,2.4,740.29,0.0427447072747027
562.0,0.8,0.5567,2.39,739.85,0.0427447072747027
563.0,0.8,0.5567,2.37,740.55,0.0427447072747027
564.0,0.8,0.5567,2.37,739.01,0.0427447072747027
565.0,0.8,0.5567,2.43,740.11,0.0427447072747027
566.0,0.8,0.5567,2.42,739.2,0.0427447072747027
567.0,0.8,0.5567,2.48,739.3,0.0427447072747027
568.0,0.8,0.5567,2.46,739.31,0.0427447072747027
569.0,0.8,0.5567,2.4,739.75,0.0427447072747027
570.0,0.8,0.5567,2.42,739.49,0.0427447072747027
571.0,0.8,0.5567,2.43,738.23,0.0427447072747027
572.0,0.8,0.5567,2.37,738.66,0.0427447072747027
573.0,0.8,0.5567,2.47,738.66,0.0427447072747027
574.0,0.8,0.5567,2.45,738.22,0.0427447072747027
575.0,0.8,0.5567,2.39,737.31,0.0427447072747027
576.0,0.8,0.5567,2.39,738.32,0.0427447072747027
577.0,0.8,0.5567,2.44,738.68,0.0427447072747027
578.0,0.8,0.5567,2.43,737.96,0.0427447072747027
579.0,0.8,0.5567,2.44,739.51,0.0427447072747027
580.0,0.8,0.5567,2.43,738.35,0.0427447072747027
581.0,0.8,0.5567,2.41,737.77,0.0427447072747027
582.0,0.8,0.5567,2.4,737.42,0.0427447072747027
583.0,0.8,0.5567,2.4,738.58,0.0427447072747027
584.0,0.8,0.5567,2.39,737.6,0.0427447072747027
585.0,0.8,0.5567,2.42,738.76,0.0427447072747027
586.0,0.8,0.5567,2.41,738.75,0.0427447072747027
587.0,0.8,0.5567,2.39,736.78,0.0427447072747027
588.0,0.8,0.5567,2.39,738.29,0.0427447072747027
589.0,0.8,0.5567,2.4,737.17,0.0427447072747027
590.0,0.8,0.5567,2.42,736.5,0.0427447072747027
591.0,0.8,0.5567,2.37,739.19,0.0427447072747027
592.0,0.8,0.5567,2.36,738.02,0.0427447072747027
593.0,0.8,0.5567,2.42,736.61,0.0427447072747027
594.0,0.8,0.5567,2.43,737.01,0.0427447072747027
595.0,0.8,0.5567,2.42,737.36,0.0427447072747027
596.0,0.8,0.5567,2.38,735.96,0.0427447072747027
597.0,0.8,0.5567,2.39,738.51,0.0427447072747027
598.0,0.8,0.5567,2.41,736.34,0.0427447072747027
599.0,0.8,0.5567,2.4,736.17,0.0427447072747027
600.0,0.8,0.5567,2.41,738.22,0.0427447072747027
601.0,0.8,0.5567,2.4,737.91,0.0427447072747027
602.0,0.8,0.5567,2.41,737.31,0.0427447072747027
603.0,0.8,0.5567,2.38,736.98,0.0427447072747027
604.0,0.8,0.5567,2.41,737.46,0.0427447072747027
605.0,0.8,0.5567,2.47,735.91,0.0427447072747027
606.0,0.8,0.5567,2.4,737.28,0.0427447072747027
607.0,0.8,0.5567,2.42,737.32,0.0427447072747027
608.0,0.8,0.5567,2.47,735.75,0.0427447072747027
609.0,0.8,0.5567,2.42,735.99,0.0427447072747027
610.0,0.8,0.5567,2.37,735.95,0.0427447072747027
611.0,0.8,0.5567,2.43,737.24,0.0427447072747027
612.0,0.8,0.5567,2.43,735.98,0.0427447072747027
613.0,0.8,0.5567,2.4,736.39,0.0427447072747027
614.0,0.8,0.5567,2.47,735.43,0.0427447072747027
615.0,0.8,0.5567,2.4,735.54,0.0427447072747027
616.0,0.8,0.5567,2.42,735.73,0.0427447072747027
617.0,0.8,0.5567,2.4,736.35,0.0427447072747027
618.0,0.8,0.5567,2.38,737.25,0.0427447072747027
619.0,0.8,0.5567,2.38,737.24,0.0427447072747027
620.0,0.8,0.5567,2.42,735.75,0.0427447072747027
621.0,0.8,0.5567,2.38,736.04,0.0427447072747027
622.0,0.8,0.5567,2.42,736.09,0.0427447072747027
623.0,0.8,0.5567,2.43,735.3,0.0427447072747027
624.0,0.8,0.5567,2.4,737.36,0.0427447072747027
625.0,0.8,0.5567,2.35,735.8,0.0427447072747027
626.0,0.8,0.5567,2.37,735.26,0.0427447072747027
627.0,0.8,0.5567,2.39,735.05,0.0427447072747027
628.0,0.8,0.5567,2.49,735.69,0.0427447072747027
629.0,0.8,0.5567,2.41,733.69,0.0427447072747027
630.0,0.8,0.5567,2.4,735.33,0.0427447072747027
631.0,0.8,0.5567,2.4,733.7,0.0427447072747027
632.0,0.8,0.5567,2.41,734.56,0.0427447072747027
633.0,0.8,0.5567,2.41,735.83,0.0427447072747027
634.0,0.8,0.5567,2.41,735.62,0.0427447072747027
635.0,0.8,0.5567,2.42,735.48,0.0427447072747027
636.0,0.8,0.5567,2.38,735.09,0.0427447072747027
637.0,0.8,0.5567,2.39,734.99,0.0427447072747027
638.0,0.8,0.5567,2.38,734.56,0.0427447072747027
639.0,0.8,0.5567,2.43,734.43,0.0427447072747027
640.0,0.8,0.5567,2.44,734.63,0.0427447072747027
641.0,0.8,0.5567,2.45,733.93,0.0427447072747027
642.0,0.8,0.5567,2.4,734.16,0.0427447072747027
643.0,0.8,0.5567,2.43,733.9,0.0427447072747027
644.0,0.8,0.5567,2.43,734.82,0.0427447072747027
645.0,0.8,0.5567,2.42,732.81,0.0427447072747027
646.0,0.8,0.5567,2.39,733.75,0.0427447072747027
647.0,0.8,0.5567,2.41,733.08,0.0427447072747027
648.0,0.8,0.5567,2.43,733.81,0.0427447072747027
649.0,0.8,0.5567,2.37,733.49,0.0427447072747027
650.0,0.8,0.5567,2.37,734.43,0.0427447072747027
651.0,0.8,0.5567,2.45,735.23,0.0427447072747027
652.0,0.8,0.5567,2.39,733.21,0.0427447072747027
653.0,0.8,0.5567,2.41,734.86,0.0427447072747027
654.0,0.8,0.5567,2.39,733.46,0.0427447072747027
655.0,0.8,0.5567,2.43,732.14,0.0427447072747027
656.0,0.8,0.5567,2.43,733.71,0.0427447072747027
657.0,0.8,0.5567,2.41,733.68,0.0427447072747027
658.0,0.8,0.5567,2.47,732.91,0.0427447072747027
659.0,0.8,0.5567,2.39,733.96,0.0427447072747027
660.0,0.8,0.5567,2.38,734.09,0.0427447072747027
661.0,0.8,0.5567,2.4,732.87,0.0427447072747027
662.0,0.8,0.5567,2.44,732.18,0.0427447072747027
663.0,0.8,0.5567,2.43,734.48,0.0427447072747027
664.0,0.8,0.5567,2.44,732.62,0.0427447072747027
665.0,0.8,0.5567,2.39,733.89,0.0427447072747027
666.0,0.8,0.5567,2.43,732.43,0.0427447072747027
667.0,0.8,0.5567,2.51,733.78,0.0427447072747027
668.0,0.8,0.5567,2.43,732.72,0.0427447072747027
669.0,0.8,0.5567,2.38,733.75,0.0427447072747027
670.0,0.8,0.5567,2.42,733.51,0.0427447072747027
671.0,0.8,0.5567,2.47,733.14,0.0427447072747027
672.0,0.8,0.5567,2.38,731.86,0.0427447072747027
673.0,0.8,0.5567,2.43,733.17,0.0427447072747027
674.0,0.8,0.5567,2.39,732.66,0.0427447072747027
675.0,0.8,0.5567,2.41,733.07,0.0427447072747027
676.0,0.8,0.5567,2.42,733.14,0.0427447072747027
677.0,0.8,0.5567,2.41,732.04,0.0427447072747027
678.0,0.8,0.5567,2.4,733.82,0.0427447072747027
679.0,0.8,0.5567,2.42,733.22,0.0427447072747027
680.0,0.8,0.5567,2.41,732.45,0.0427447072747027
681.0,0.8,0.5567,2.43,731.06,0.0427447072747027
682.0,0.8,0.5567,2.43,731.43,0.0427447072747027
683.0,0.8,0.5567,2.4,732.21,0.0427447072747027
684.0,0.8,0.5567,2.42,732.5,0.0427447072747027
685.0,0.8,0.5567,2.4,732.22,0.0427447072747027
686.0,0.8,0.5567,2.41,731.2,0.0427447072747027
687.0,0.8,0.5567,2.4,732.97,0.0427447072747027
688.0,0.8,0.5567,2.4,732.65,0.0427447072747027
689.0,0.8,0.5567,2.41,730.92,0.0427447072747027
690.0,0.8,0.5567,2.41,730.77,0.0427447072747027
691.0,0.8,0.5567,2.41,731.97,0.0427447072747027
692.0,0.8,0.5567,2.44,731.7,0.0427447072747027
693.0,0.8,0.5567,2.36,733.15,0.0427447072747027
694.0,0.8,0.5567,2.39,731.27,0.0427447072747027
695.0,0.8,0.5567,2.42,730.85,0.0427447072747027
696.0,0.8,0.5567,2.42,732.09,0.0427447072747027
697.0,0.8,0.5567,2.42,732.85,0.0427447072747027
698.0,0.8,0.5567,2.44,732.64,0.0427447072747027
699.0,0.8,0.5567,2.45,732.18,0.0427447072747027
700.0,0.8,0.5567,2.4,732.28,0.0427447072747027
701.0,0.8,0.5567,2.41,731.35,0.0427447072747027
702.0,0.8,0.5567,2.41,730.75,0.0427447072747027
703.0,0.8,0.5567,2.41,731.56,0.0427447072747027
704.0,0.8,0.5567,2.39,731.5,0.0427447072747027
705.0,0.8,0.5567,2.42,732.04,0.0427447072747027
706.0,0.8,0.5567,2.39,731.14,0.0427447072747027
707.0,0.8,0.5567,2.42,730.06,0.0427447072747027
708.0,0.8,0.5567,2.4,732.11,0.0427447072747027
709.0,0.8,0.5567,2.39,729.63,0.0427447072747027
710.0,0.8,0.5567,2.4,730.52,0.0427447072747027
711.0,0.8,0.5567,2.35,731.88,0.0427447072747027
712.0,0.8,0.5567,2.43,731.02,0.0427447072747027
713.0,0.8,0.5567,2.42,731.56,0.0427447072747027
714.0,0.8,0.5567,2.39,731.14,0.0427447072747027
715.0,0.8,0.5567,2.41,731.3,0.0427447072747027
716.0,0.8,0.5567,2.4,730.64,0.0427447072747027
717.0,0.8,0.5567,2.41,730.13,0.0427447072747027
718.0,0.8,0.5567,2.37,731.11,0.0427447072747027
719.0,0.8,0.5567,2.37,729.2,0.0427447072747027
720.0,0.8,0.5567,2.43,730.09,0.0427447072747027
721.0,0.8,0.5567,2.4,730.9,0.0427447072747027
722.0,0.8,0.5567,2.42,731.1,0.0427447072747027
723.0,0.8,0.5567,2.41,729.92,0.0427447072747027
724.0,0.8,0.5567,2.42,730.91,0.0427447072747027
725.0,0.8,0.5567,2.37,729.35,0.0427447072747027
726.0,0.8,0.5567,2.44,730.5,0.0427447072747027
727.0,0.8,0.5567,2.4,729.5,0.0427447072747027
728.0,0.8,0.5567,2.44,730.33,0.0427447072747027
729.0,0.8,0.5567,2.39,728.81,0.0427447072747027
730.0,0.8,0.5567,2.43,731.02,0.0427447072747027
731.0,0.8,0.5567,2.35,729.32,0.0427447072747027
732.0,0.8,0.5567,2.36,730.51,0.0427447072747027
733.0,0.8,0.5567,2.38,730.3,0.0427447072747027
734.0,0.8,0.5567,2.41,729.26,0.0427447072747027
735.0,0.8,0.5567,2.43,729.65,0.0427447072747027
736.0,0.8,0.5567,2.41,729.73,0.0427447072747027
737.0,0.8,0.5567,2.4,729.01,0.0427447072747027
738.0,0.8,0.5567,2.43,729.93,0.0427447072747027
739.0,0.8,0.5567,2.42,730.04,0.0427447072747027
740.0,0.8,0.5567,2.42,730.18,0.0427447072747027
741.0,0.8,0.5567,2.39,730.31,0.0427447072747027
742.0,0.8,0.5567,2.44,730.49,0.0427447072747027
743.0,0.8,0.5567,2.4,729.2,0.0427447072747027
744.0,0.8,0.5567,2.39,728.89,0.0427447072747027
745.0,0.8,0.5567,2.42,728.76,0.0427447072747027
746.0,0.8,0.5567,2.4,728.84,0.0427447072747027
747.0,0.8,0.5567,2.4,729.46,0.0427447072747027
748.0,0.8,0.5567,2.44,728.48,0.0427447072747027
749.0,0.8,0.5567,2.37,729.41,0.0427447072747027
750.0,0.8,0.5567,2.38,729.68,0.0427447072747027
751.0,0.8,0.5567,2.4,730.35,0.0427447072747027
752.0,0.8,0.5567,2.41,730.02,0.0427447072747027
753.0,0.8,0.5567,2.42,728.24,0.0427447072747027
754.0,0.8,0.5567,2.42,730.09,0.0427447072747027
755.0,0.8,0.5567,2.4,730.07,0.0427447072747027
756.0,0.8,0.5567,2.41,729.05,0.0427447072747027
757.0,0.8,0.5567,2.39,728.44,0.0427447072747027
758.0,0.8,0.5567,2.4,728.85,0.0427447072747027
759.0,0.8,0.5567,2.42,729.47,0.0427447072747027
760.0,0.8,0.5567,2.4,728.75,0.0427447072747027
761.0,0.8,0.5567,2.41,728.68,0.0427447072747027
762.0,0.8,0.5567,2.39,728.81,0.0427447072747027
763.0,0.8,0.5567,2.45,729.08,0.0427447072747027
764.0,0.8,0.5567,2.53,728.32,0.0427447072747027
765.0,0.8,0.5567,2.39,729.58,0.0427447072747027
766.0,0.8,0.5567,2.44,727.49,0.0427447072747027
767.0,0.8,0.5567,2.38,728.07,0.0427447072747027
768.0,0.8,0.5567,2.44,727.21,0.0427447072747027
769.0,0.8,0.5567,2.38,727.89,0.0427447072747027
770.0,0.8,0.5567,2.41,729.53,0.0427447072747027
771.0,0.8,0.5567,2.41,728.62,0.0427447072747027
772.0,0.8,0.5567,2.4,727.34,0.0427447072747027
773.0,0.8,0.5567,2.39,727.96,0.0427447072747027
774.0,0.8,0.5567,2.43,727.51,0.0427447072747027
775.0,0.8,0.5567,2.38,727.96,0.0427447072747027
776.0,0.8,0.5567,2.41,727.54,0.0427447072747027
777.0,0.8,0.5567,2.39,728.67,0.0427447072747027
778.0,0.8,0.5567,2.39,727.62,0.0427447072747027
779.0,0.8,0.5567,2.39,727.77,0.0427447072747027
780.0,0.8,0.5567,2.43,726.82,0.0427447072747027
781.0,0.8,0.5567,2.39,726.12,0.0427447072747027
782.0,0.8,0.5567,2.41,728.64,0.0427447072747027
783.0,0.8,0.5567,2.44,727.84,0.0427447072747027
784.0,0.8,0.5567,2.41,728.22,0.0427447072747027
785.0,0.8,0.5567,2.39,726.14,0.0427447072747027
786.0,0.8,0.5567,2.38,727.57,0.0427447072747027
787.0,0.8,0.5567,2.43,728.63,0.0427447072747027
788.0,0.8,0.5567,2.47,728.48,0.0427447072747027
789.0,0.8,0.5567,2.43,726.76,0.0427447072747027
790.0,0.8,0.5567,2.41,727.44,0.0427447072747027
791.0,0.8,0.5567,2.42,728.02,0.0427447072747027
792.0,0.8,0.5567,2.4,728.45,0.0427447072747027
793.0,0.8,0.5567,2.44,727.89,0.0427447072747027
794.0,0.8,0.5567,2.43,725.88,0.0427447072747027
795.0,0.8,0.5567,2.45,727.33,0.0427447072747027
796.0,0.8,0.5567,2.42,727.7,0.0427447072747027
797.0,0.8,0.5567,2.39,727.09,0.0427447072747027
798.0,0.8,0.5567,2.39,726.24,0.0427447072747027
799.0,0.8,0.5567,2.37,726.22,0.0427447072747027
800.0,0.8,0.5567,2.41,726.93,0.0427447072747027
801.0,0.8,0.5567,2.41,725.88,0.0427447072747027
802.0,0.8,0.5567,2.44,727.67,0.0427447072747027
803.0,0.8,0.5567,2.4,727.16,0.0427447072747027
804.0,0.8,0.5567,2.42,726.47,0.0427447072747027
805.0,0.8,0.5567,2.42,726.65,0.0427447072747027
806.0,0.8,0.5567,2.43,727.52,0.0427447072747027
807.0,0.8,0.5567,2.44,726.74,0.0427447072747027
808.0,0.8,0.5567,2.41,726.56,0.0427447072747027
809.0,0.8,0.5567,2.36,727.16,0.0427447072747027
810.0,0.8,0.5567,2.37,727.17,0.0427447072747027
811.0,0.8,0.5567,2.46,727.37,0.0427447072747027
812.0,0.8,0.5567,2.44,726.53,0.0427447072747027
813.0,0.8,0.5567,2.39,727.34,0.0427447072747027
814.0,0.8,0.5567,2.39,726.98,0.0427447072747027
815.0,0.8,0.5567,2.36,727.29,0.0427447072747027
816.0,0.8,0.5567,2.4,726.73,0.0427447072747027
817.0,0.8,0.5567,2.42,726.97,0.0427447072747027
818.0,0.8,0.5567,2.4,726.64,0.0427447072747027
819.0,0.8,0.5567,2.36,727.55,0.0427447072747027
820.0,0.8,0.5567,2.4,725.08,0.0427447072747027
821.0,0.8,0.5567,2.4,725.96,0.0427447072747027
822.0,0.8,0.5567,2.43,727.15,0.0427447072747027
823.0,0.8,0.5567,2.38,726.08,0.0427447072747027
824.0,0.8,0.5567,2.38,725.87,0.0427447072747027
825.0,0.8,0.5567,2.41,726.45,0.0427447072747027
826.0,0.8,0.5567,2.45,726.18,0.0427447072747027
827.0,0.8,0.5567,2.37,726.78,0.0427447072747027
828.0,0.8,0.5567,2.39,725.71,0.0427447072747027
829.0,0.8,0.5567,2.44,726.57,0.0427447072747027
830.0,0.8,0.5567,2.42,725.71,0.0427447072747027
831.0,0.8,0.5567,2.41,725.22,0.0427447072747027
832.0,0.8,0.5567,2.37,726.59,0.0427447072747027
833.0,0.8,0.5567,2.44,726.16,0.0427447072747027
834.0,0.8,0.5567,2.46,725.9,0.0427447072747027
835.0,0.8,0.5567,2.39,725.64,0.0427447072747027
836.0,0.8,0.5567,2.39,725.66,0.0427447072747027
837.0,0.8,0.5567,2.38,726.38,0.0427447072747027
838.0,0.8,0.5567,2.4,726.02,0.0427447072747027
839.0,0.8,0.5567,2.4,724.68,0.0427447072747027
840.0,0.8,0.5567,2.43,725.86,0.0427447072747027
841.0,0.8,0.5567,2.39,726.82,0.0427447072747027
842.0,0.8,0.5567,2.4,724.66,0.0427447072747027
843.0,0.8,0.5567,2.39,725.86,0.0427447072747027
844.0,0.8,0.5567,2.38,724.89,0.0427447072747027
845.0,0.8,0.5567,2.42,724.52,0.0427447072747027
846.0,0.8,0.5567,2.41,724.25,0.0427447072747027
847.0,0.8,0.5567,2.41,726.34,0.0427447072747027
848.0,0.8,0.5567,2.4,725.53,0.0427447072747027
849.0,0.8,0.5567,2.41,725.36,0.0427447072747027
850.0,0.8,0.5567,2.4,726.36,0.0427447072747027
851.0,0.8,0.5567,2.4,725.67,0.0427447072747027
852.0,0.8,0.5567,2.39,725.26,0.0427447072747027
853.0,0.8,0.5567,2.41,726.23,0.0427447072747027
854.0,0.8,0.5567,2.4,725.4,0.0427447072747027
855.0,0.8,0.5567,2.38,726.67,0.0427447072747027
856.0,0.8,0.5567,2.39,726.37,0.0427447072747027
857.0,0.8,0.5567,2.44,724.35,0.0427447072747027
858.0,0.8,0.5567,2.4,726.1,0.0427447072747027
859.0,0.8,0.5567,2.4,724.03,0.0427447072747027
860.0,0.8,0.5567,2.38,725.83,0.0427447072747027
861.0,0.8,0.5567,2.37,724.89,0.0427447072747027
862.0,0.8,0.5567,2.43,723.82,0.0427447072747027
863.0,0.8,0.5567,2.44,724.17,0.0427447072747027
864.0,0.8,0.5567,2.41,724.23,0.0427447072747027
865.0,0.8,0.5567,2.43,725.81,0.0427447072747027
866.0,0.8,0.5567,2.38,724.49,0.0427447072747027
867.0,0.8,0.5567,2.42,724.82,0.0427447072747027
868.0,0.8,0.5567,2.41,725.99,0.0427447072747027
869.0,0.8,0.5567,2.43,725.82,0.0427447072747027
870.0,0.8,0.5567,2.37,723.88,0.0427447072747027
871.0,0.8,0.5567,2.38,724.96,0.0427447072747027
872.0,0.8,0.5567,2.42,724.2,0.0427447072747027
873.0,0.8,0.5567,2.39,725.33,0.0427447072747027
874.0,0.8,0.5567,2.43,724.1,0.0427447072747027
875.0,0.8,0.5567,2.41,725.74,0.0427447072747027
876.0,0.8,0.5567,2.4,723.6,0.0427447072747027
877.0,0.8,0.5567,2.43,723.85,0.0427447072747027
878.0,0.8,0.5567,2.4,725.41,0.0427447072747027
879.0,0.8,0.5567,2.38,723.52,0.0427447072747027
880.0,0.8,0.5567,2.39,723.51,0.0427447072747027
881.0,0.8,0.5567,2.42,723.96,0.0427447072747027
882.0,0.8,0.5567,2.4,724.69,0.0427447072747027
883.0,0.8,0.5567,2.4,723.11,0.0427447072747027
884.0,0.8,0.5567,2.4,724.3,0.0427447072747027
885.0,0.8,0.5567,2.39,724.85,0.0427447072747027
886.0,0.8,0.5567,2.4,724.56,0.0427447072747027
887.0,0.8,0.5567,2.38,723.31,0.0427447072747027
888.0,0.8,0.5567,2.4,724.62,0.0427447072747027
889.0,0.8,0.5567,2.39,724.26,0.0427447072747027
890.0,0.8,0.5567,2.4,723.88,0.0427447072747027
891.0,0.8,0.5567,2.46,723.89,0.0427447072747027
892.0,0.8,0.5567,2.38,723.52,0.0427447072747027
893.0,0.8,0.5567,2.43,724.53,0.0427447072747027
894.0,0.8,0.5567,2.38,724.06,0.0427447072747027
895.0,0.8,0.5567,2.42,723.76,0.0427447072747027
896.0,0.8,0.5567,2.43,724.21,0.0427447072747027
897.0,0.8,0.5567,2.38,724.64,0.0427447072747027
898.0,0.8,0.5567,2.42,724.47,0.0427447072747027
899.0,0.8,0.5567,2.43,723.55,0.0427447072747027
900.0,0.8,0.5567,2.41,723.35,0.0427447072747027
901.0,0.8,0.5567,2.38,723.68,0.0427447072747027
902.0,0.8,0.5567,2.41,724.38,0.0427447072747027
903.0,0.8,0.5567,2.39,724.77,0.0427447072747027
904.0,0.8,0.5567,2.39,724.31,0.0427447072747027
905.0,0.8,0.5567,2.4,722.97,0.0427447072747027
906.0,0.8,0.5567,2.37,723.37,0.0427447072747027
907.0,0.8,0.5567,2.42,723.03,0.0427447072747027
908.0,0.8,0.5567,2.37,724.1,0.0427447072747027
909.0,0.8,0.5567,2.38,724.5,0.0427447072747027
910.0,0.8,0.5567,2.4,723.01,0.0427447072747027
911.0,0.8,0.5567,2.41,723.24,0.0427447072747027
912.0,0.8,0.5567,2.4,722.51,0.0427447072747027
913.0,0.8,0.5567,2.43,722.87,0.0427447072747027
914.0,0.8,0.5567,2.4,723.67,0.0427447072747027
915.0,0.8,0.5567,2.41,724.06,0.0427447072747027
916.0,0.8,0.5567,2.41,722.93,0.0427447072747027
917.0,0.8,0.5567,2.42,722.87,0.0427447072747027
918.0,0.8,0.5567,2.39,723.04,0.0427447072747027
919.0,0.8,0.5567,2.39,723.6,0.0427447072747027
920.0,0.8,0.5567,2.42,723.03,0.0427447072747027
921.0,0.8,0.5567,2.42,723.03,0.0427447072747027
922.0,0.8,0.5567,2.37,723.9,0.0427447072747027
923.0,0.8,0.5567,2.44,723.17,0.0427447072747027
924.0,0.8,0.5567,2.39,723.7,0.0427447072747027
925.0,0.8,0.5567,2.41,722.83,0.0427447072747027
926.0,0.8,0.5567,2.36,722.65,0.0427447072747027
927.0,0.8,0.5567,2.4,723.0,0.0427447072747027
928.0,0.8,0.5567,2.41,723.08,0.0427447072747027
929.0,0.8,0.5567,2.38,723.08,0.0427447072747027
930.0,0.8,0.5567,2.38,724.07,0.0427447072747027
931.0,0.8,0.5567,2.39,722.58,0.0427447072747027
932.0,0.8,0.5567,2.4,722.34,0.0427447072747027
933.0,0.8,0.5567,2.44,722.32,0.0427447072747027
934.0,0.8,0.5567,2.4,721.9,0.0427447072747027
935.0,0.8,0.5567,2.39,722.36,0.0427447072747027
936.0,0.8,0.5567,2.37,722.18,0.0427447072747027
937.0,0.8,0.5567,2.43,722.66,0.0427447072747027
938.0,0.8,0.5567,2.39,723.79,0.0427447072747027
939.0,0.8,0.5567,2.39,722.27,0.0427447072747027
940.0,0.8,0.5567,2.39,723.38,0.0427447072747027
941.0,0.8,0.5567,2.41,723.07,0.0427447072747027
942.0,0.8,0.5567,2.41,722.78,0.0427447072747027
943.0,0.8,0.5567,2.37,722.03,0.0427447072747027
944.0,0.8,0.5567,2.43,722.52,0.0427447072747027
945.0,0.8,0.5567,2.4,722.44,0.0427447072747027
946.0,0.8,0.5567,2.4,722.68,0.0427447072747027
947.0,0.8,0.5567,2.38,722.28,0.0427447072747027
948.0,0.8,0.5567,2.45,722.51,0.0427447072747027
949.0,0.8,0.5567,2.39,722.09,0.0427447072747027
950.0,0.8,0.5567,2.41,721.75,0.0427447072747027
951.0,0.8,0.5567,2.42,722.31,0.0427447072747027
952.0,0.8,0.5567,2.38,722.1,0.0427447072747027
953.0,0.8,0.5567,2.37,723.2,0.0427447072747027
954.0,0.8,0.5567,2.38,723.62,0.0427447072747027
955.0,0.8,0.5567,2.39,721.62,0.0427447072747027
956.0,0.8,0.5567,2.41,721.73,0.0427447072747027
957.0,0.8,0.5567,2.39,722.05,0.0427447072747027
958.0,0.8,0.5567,2.37,721.87,0.0427447072747027
959.0,0.8,0.5567,2.42,722.15,0.0427447072747027
960.0,0.8,0.5567,2.36,722.5,0.0427447072747027
961.0,0.8,0.5567,2.36,721.04,0.0427447072747027
962.0,0.8,0.5567,2.38,721.73,0.0427447072747027
963.0,0.8,0.5567,2.43,722.65,0.0427447072747027
964.0,0.8,0.5567,2.38,723.14,0.0427447072747027
965.0,0.8,0.5567,2.38,722.02,0.0427447072747027
966.0,0.8,0.5567,2.41,721.97,0.0427447072747027
967.0,0.8,0.5567,2.41,722.22,0.0427447072747027
968.0,0.8,0.5567,2.42,721.83,0.0427447072747027
969.0,0.8,0.5567,2.41,721.88,0.0427447072747027
970.0,0.8,0.5567,2.42,721.87,0.0427447072747027
971.0,0.8,0.5567,2.41,722.02,0.0427447072747027
972.0,0.8,0.5567,2.43,721.77,0.0427447072747027
973.0,0.8,0.5567,2.41,722.14,0.0427447072747027
974.0,0.8,0.5567,2.38,721.38,0.0427447072747027
975.0,0.8,0.5567,2.4,721.53,0.0427447072747027
976.0,0.8,0.5567,2.43,721.06,0.0427447072747027
977.0,0.8,0.5567,2.38,721.91,0.0427447072747027
978.0,0.8,0.5567,2.4,722.08,0.0427447072747027
979.0,0.8,0.5567,2.38,720.4,0.0427447072747027
980.0,0.8,0.5567,2.39,721.07,0.0427447072747027
981.0,0.8,0.5567,2.38,722.97,0.0427447072747027
982.0,0.8,0.5567,2.42,721.65,0.0427447072747027
983.0,0.8,0.5567,2.39,721.06,0.0427447072747027
984.0,0.8,0.5567,2.42,721.49,0.0427447072747027
985.0,0.8,0.5567,2.42,721.26,0.0427447072747027
986.0,0.8,0.5567,2.38,720.98,0.0427447072747027
987.0,0.8,0.5567,2.38,721.01,0.0427447072747027
988.0,0.8,0.5567,2.44,721.39,0.0427447072747027
989.0,0.8,0.5567,2.37,721.07,0.0427447072747027
990.0,0.8,0.5567,2.39,721.24,0.0427447072747027
991.0,0.8,0.5567,2.37,720.57,0.0427447072747027
992.0,0.8,0.5567,2.45,721.32,0.0427447072747027
993.0,0.8,0.5567,2.4,721.08,0.0427447072747027
994.0,0.8,0.5567,2.43,721.83,0.0427447072747027
995.0,0.8,0.5567,2.38,721.44,0.0427447072747027
996.0,0.8,0.5567,2.38,721.68,0.0427447072747027
997.0,0.8,0.5567,2.38,720.76,0.0427447072747027
998.0,0.8,0.5567,2.38,721.62,0.0427447072747027
999.0,0.8,0.5567,2.4,721.44,0.0427447072747027
1000.0,0.8,0.5567,2.4,721.11,0.0427447072747027
1001.0,0.8,0.5567,2.38,720.88,0.0427447072747027
